pickup_datetime,fare_amount,pickup_longitude,pickup_latitude,dropoff_longitude,dropoff_latitude,passenger_count,weekend,hour_of_the_day,dist_km
2010-04-19T08:17:56Z,6.5,-73.992365,40.730521,-73.975499,40.744746,1,0,8,2.128693548602435
2010-04-17T15:43:53Z,6.9,-73.990078,40.740558,-73.974232,40.744114,1,1,15,1.3938665724394979
2010-04-17T11:23:26Z,10.1,-73.994149,40.751118,-73.960064,40.766235,2,1,11,3.3304901885214004
2010-04-11T21:25:03Z,8.9,-73.990485,40.756422,-73.971205,40.748192,1,1,21,1.8662175084039165
2010-04-17T02:19:01Z,19.7,-73.990976,40.734202,-73.905956,40.743115,1,1,2,7.2394217955538185
2010-04-22T08:39:47Z,8.1,-73.980481,40.748995,-73.983508,40.766459,1,0,8,1.9607676416832314
2010-04-23T19:27:00Z,4.9,-73.959535,40.779582,-73.947185,40.780223,1,0,19,1.043471216531416
2010-04-15T09:03:37Z,4.9,-74.002601,40.739419,-73.997912,40.730292,1,0,9,1.0902842508910915
2010-04-20T08:58:00Z,2.9,-74.014005,40.704058,-74.013202,40.702877,1,0,8,0.14790577085003423
2010-04-16T18:50:16Z,6.1,-73.977689,40.784175,-73.988639,40.778669,1,0,18,1.1079706989033782
2010-04-22T22:26:23Z,7.3,-74.007913,40.740409,-73.985561,40.752076,1,0,22,2.289181629597859
2010-04-15T17:40:18Z,3.7,-73.954965,40.76503,-73.962556,40.766464,1,0,17,0.6596181395727144
2010-04-23T12:12:08Z,17.3,-73.997107,40.722116,-73.976628,40.775252,1,0,12,6.16204769362937
2010-04-18T02:35:26Z,4.1,-73.989126,40.730024,-73.981524,40.732671,1,1,2,0.705728695814023
2010-04-21T10:12:59Z,6.9,-73.990641,40.755181,-73.973317,40.763224,2,0,10,1.7133187587757106
2010-04-20T23:31:17Z,9.3,-73.973145,40.761542,-73.940974,40.79271,1,0,23,4.4037173599740544
2010-04-15T21:54:26Z,14.1,-74.002233,40.734468,-73.961872,40.764459,2,0,21,4.767765538453906
2010-04-15T08:55:51Z,5.7,-73.961552,40.768434,-73.969448,40.763188,1,0,8,0.8855647786039984
2010-04-14T23:12:52Z,2.9,-73.988522,40.741219,-73.983734,40.739019,1,0,23,0.4722970396415724
2010-04-14T01:22:00Z,3.7,-73.98613,40.722437,-73.980585,40.730057,5,0,1,0.9686898269088243
2010-04-20T11:27:29Z,36,-73.874537,40.774075,-73.985187,40.760783000000004,1,0,11,9.445477088716547
2010-04-12T09:37:56Z,11.3,-74.006172,40.717227,-73.979662,40.760502,1,0,9,5.31098914729479
2010-04-13T13:55:05Z,4.9,-73.998762,40.734666,-73.988645,40.735559,1,0,13,0.8591457334462612
2010-04-20T16:33:00Z,14.5,-73.987602,40.755443,-74.010645,40.702258,2,0,16,6.231475604704046
2010-04-21T14:03:52Z,4.9,-73.957767,40.773552,-73.965617,40.76557,1,0,14,1.1079335286392393
2010-04-24T09:16:19Z,4.5,-74.003534,40.726936,-73.995011,40.73976,1,1,9,1.598375666186757
2010-04-11T21:38:28Z,7.3,-73.957105,40.772402,-73.984277,40.767459,1,1,21,2.3559348443963444
2010-04-22T23:36:50Z,36.19,-73.997149,40.722444,-73.904307,40.88707,1,0,23,19.926005472070525
2010-04-23T19:11:42Z,8.5,-73.986207,40.726464,-73.999319,40.740836,2,0,19,1.9449754894220945
2010-04-20T22:21:56Z,3.7,-73.959061,40.771894,-73.955128,40.768903,2,0,22,0.46989581218858806
2010-04-17T17:32:17Z,25.47,-73.905894,40.767998,-73.970483,40.764106,1,1,17,5.46279595227161
2010-04-23T10:43:26Z,4.1,-73.984325,40.733154,-73.991004,40.724207,1,0,10,1.1443002733366687
2010-04-18T01:15:04Z,10.9,-73.977654,40.787098,-73.942192,40.798901,4,1,1,3.2647050264752333
2010-04-22T17:36:39Z,7.3,-73.948963,40.781815,-73.976233,40.788441,1,0,17,2.413962075792383
2010-04-12T19:59:46Z,5.6,-73.992873,40.702652,-73.993012,40.69856,1,0,19,0.4556703809053095
2010-04-14T23:06:23Z,5.7,-73.997268,40.747084,-73.978688,40.752341,1,0,23,1.6726066606431342
2010-04-12T15:32:00Z,9.7,-73.961225,40.765078,-73.98538,40.753045,2,0,15,2.4377559596260734
2010-04-25T00:53:57Z,7.3,-73.994518,40.72494,-74.011771,40.713589,1,1,0,1.9275799451532707
2010-04-13T16:30:09Z,7.7,-73.99479,40.740427,-73.986983,40.756418,1,0,16,1.8979656543721237
2010-04-23T17:27:00Z,12.9,-73.965633,40.758602,-74.003723,40.742728,5,0,17,3.6661409923777657
2010-04-22T10:05:34Z,4.9,-73.946284,40.777335,-73.94722,40.784201,1,0,10,0.7683810114188189
2010-04-15T12:49:31Z,15.3,-73.966694,40.756696,-73.972812,40.792699,1,0,12,4.040884111660542
2010-04-20T17:08:00Z,12.9,-73.957722,40.776365,-73.994088,40.746267,1,0,17,4.541797187931564
2010-04-20T18:53:48Z,6.5,-73.998579,40.755664,-73.999175,40.739419,1,0,18,1.8090835244371357
2010-04-18T15:51:08Z,6.5,-73.958505,40.772691,-73.959218,40.777736,2,1,15,0.5648140681734216
2010-04-14T19:26:10Z,6.5,-73.962495,40.776293,-73.981732,40.780269,1,0,19,1.6809181429809945
2010-04-19T19:17:03Z,6.5,-73.972368,40.787217,-73.983979,40.736176,1,0,19,5.7655840803756915
2010-04-20T12:59:44Z,6.9,-73.978707,40.740896,-73.990365,40.731084,2,0,12,1.4696997816588189
2010-04-22T18:46:55Z,6.9,-73.967681,40.80265,-73.951028,40.825629,1,0,18,2.9175137067767185
2010-04-11T20:13:49Z,10.9,-74.011318,40.715533,-74.010778,40.704945,1,1,20,1.1795312321381062
2010-04-11T12:23:31Z,5.3,-73.991315,40.750363,-73.979872,40.761105,1,1,12,1.5365556999064809
2010-04-24T12:04:28Z,7.3,-74.007911000000007,40.723247,-73.995586,40.723292,1,1,12,1.039818576878312
2010-04-17T19:55:14Z,16.1,-73.996671,40.723498,-73.979331,40.783522,2,1,19,6.8399658035584965
2010-04-24T14:57:22Z,7.7,-73.962135,40.779232,-73.971829,40.76574,1,1,14,1.7098670075381242
2010-04-23T15:40:26Z,4.9,-73.97678,40.77524,-73.979925,40.780864,1,0,15,0.6798795589015287
2010-04-23T20:14:02Z,4.1,-73.984541,40.748735,-73.987262,40.73978,1,0,20,1.02293985961011
2010-04-13T16:38:19Z,6.9,-73.979459,40.75581,-74.001917,40.739549,1,0,16,2.6199034594052395
2010-04-13T20:54:41Z,9.7,-73.999314,40.744113,-73.982069,40.770611,1,0,20,3.2886945461833252
2010-04-20T09:10:21Z,13.3,-73.973031,40.748135,-73.96177,40.779181,2,0,9,3.584074691021799
2010-04-15T14:40:44Z,3.7,-73.993637,40.756989,-73.999668,40.755534,1,0,14,0.5337268341821138
2010-04-17T18:48:16Z,6.1,-73.976212,40.765746,-73.979481,40.780247,1,1,18,1.6375990483561427
2010-04-16T20:28:05Z,6.5,-73.984271,40.770131,-73.998061,40.761426,2,0,20,1.5135410798376532
2010-04-14T13:04:11Z,4.5,-73.99868,40.722984,-73.99156,40.72375,1,0,13,0.6067046513179822
2010-04-14T20:16:05Z,4.5,-73.937953,40.796923,-73.943103,40.785992,1,0,20,1.29192571708903
2010-04-15T17:18:44Z,33.3,-73.930511,40.752836,-73.790792,40.694239,1,0,17,13.471931538517671
2010-04-21T03:35:57Z,11.7,-73.987717,40.721095,-73.984841,40.76469,2,0,3,4.859031404580324
2010-04-22T22:57:07Z,3.7,-74.000266,40.737743,-74.006746,40.730845,1,0,22,0.9425565026277472
2010-04-19T12:10:12Z,8.5,-73.991836,40.734976,-74.010198,40.731259,1,0,12,1.603208592738854
2010-04-11T19:04:23Z,9.3,-74.001371,40.720085,-73.987489,40.744965,2,1,19,3.0070064073644414
2010-04-19T20:51:32Z,12.5,-74.00285,40.733709,-74.000175,40.682693,1,0,20,5.683559458658727
2010-04-15T13:21:29Z,13.7,-73.965789,40.765623,-73.99899,40.726683,1,0,13,5.160490576624371
2010-04-15T13:40:17Z,11.3,-73.987106,40.776084,-73.989996,40.738073,1,0,13,4.238376733209444
2010-04-23T12:30:03Z,6.1,-73.956767,40.785878,-73.96216,40.770349,1,0,12,1.787457682653348
2010-04-15T00:03:38Z,6.9,-74.007622,40.740098,-74.003264,40.724011,2,0,0,1.8281397203526113
2010-04-16T17:38:21Z,11.7,-73.984292,40.747586,-73.955966,40.776106,1,0,17,3.972882956015835
2010-04-16T22:37:42Z,14.5,-73.974619,40.783168,-73.983574,40.750014,1,0,22,3.7671201973552093
2010-04-11T18:52:59Z,10.5,-73.983992,40.769164,-73.98857,40.74464,3,1,18,2.7571570972004915
2010-04-20T16:37:00Z,6.1,-73.994325,40.744275,-73.978852,40.752045,1,0,16,1.5655382409479943
2010-04-14T08:44:57Z,6.9,-73.978455,40.777391,-73.979461,40.761358,1,0,8,1.7867994170397623
2010-04-15T16:11:42Z,8.9,-73.986518,40.770095,-74.006983,40.751423,1,0,16,2.7014797759818
2010-04-16T22:05:22Z,6.5,-73.986833,40.740406,-74.004442,40.740551,1,0,22,1.4852980811528222
2010-04-23T02:04:23Z,13.3,-73.984724,40.728431,-73.950213,40.784044,1,0,2,6.8406738193397825
2010-04-23T17:22:44Z,25.47,-73.947504,40.776224,-73.864947,40.770442,1,0,17,6.989431871633564
2010-04-12T07:53:29Z,6.1,-73.977592,40.774375,-73.972994,40.761635,1,0,7,1.47023632305802
2010-04-22T04:21:00Z,4.5,-73.985887,40.754103,-73.991157,40.747998,1,0,4,0.8120184161775171
2010-04-19T07:30:00Z,5.3,-73.967452,40.769155,-73.95447,40.786823,1,0,7,2.2507421488563217
2010-04-17T21:14:55Z,5.3,-73.970208,40.751519,-73.983533,40.734438,1,1,21,2.2087371614441142
2010-04-16T22:01:43Z,6.9,-73.952313,40.792688,-73.972515,40.764688,2,0,22,3.5518076135321066
2010-04-16T20:07:04Z,7.3,-73.989926,40.75346,-74.006183,40.734855,1,0,20,2.483821926249831
2010-04-14T13:28:25Z,7.3,-73.992596,40.748737,-74.003801,40.720758,1,0,13,3.2548577752636243
2010-04-17T09:39:20Z,4.1,-73.98183,40.736703,-73.99069,40.740354,1,1,9,0.8506778412627128
2010-04-19T06:58:38Z,16.1,-73.952687,40.792119,-74.010115,40.714708,1,0,6,9.884889392575317
2010-04-22T09:38:21Z,4.5,-73.988552,40.731426,-73.983257,40.739206,1,0,9,0.9744499429772479
2010-04-23T12:57:53Z,4.9,-73.946946,40.775791,-73.954964,40.783169,1,0,12,1.0636549003485467
2010-04-12T08:57:35Z,7.7,-73.97397,40.73823,-73.982378,40.747635,1,0,8,1.2645155980563012
2010-04-20T19:47:28Z,6.5,-73.962215,40.764135,-73.977032,40.746147,1,0,19,2.3602506965163705
2010-04-12T20:58:41Z,5.3,-73.953661,40.790733,-73.972556,40.785881,1,0,20,1.681631332751767
2010-04-24T23:47:28Z,7.3,-73.988921,40.758586,-74.004236,40.742353,2,1,23,2.2211440746586164
2010-04-11T18:24:52Z,6.5,-73.980392,40.765207,-73.977402,40.75384,2,1,18,1.2902403676334693
2010-04-18T17:09:57Z,6.1,-73.973793,40.77935,-73.97775,40.764035,3,1,17,1.7371886253459776
2010-04-20T05:37:19Z,6.1,-73.953335,40.767437,-73.971176,40.757646,1,0,5,1.8576330476411491
2010-04-18T07:59:06Z,4.1,-73.994256,40.751217,-73.986753,40.757666,1,1,7,0.9569155480214325
2010-04-16T22:18:15Z,28.1,-73.984773,40.770146,-73.977266,40.669067,4,0,22,11.269874524655961
2010-04-17T18:30:38Z,6.1,-73.997926,40.745965,-73.988852,40.758356,1,1,18,1.5773923711714823
2010-04-17T07:01:50Z,16.5,-74.007646,40.704816,-73.99732,40.760478,1,1,7,6.257188753467795
2010-04-13T11:04:22Z,7.3,-73.974915,40.74608,-73.982679,40.757284,1,0,11,1.4086322207822695
2010-04-11T22:33:21Z,15.3,-73.98803,40.720845,-73.983889,40.779631,2,1,22,6.553338781607523
2010-04-12T13:18:06Z,4.5,-73.957629,40.780455,-73.9498,40.784301,1,0,13,0.786627474729931
2010-04-12T11:50:30Z,7.3,-73.977989,40.773666,-73.95826,40.782012,1,0,11,1.9050000064762016
2010-04-20T23:25:37Z,4.9,-73.966892,40.76977,-73.957738,40.782965,1,0,23,1.65922303438687
2010-04-13T12:15:06Z,7.3,-73.988927,40.736775,-73.995085,40.752925,1,0,12,1.8713229895892172
2010-04-11T18:50:27Z,5.3,-73.990266,40.743701,-73.981018,40.757028,1,1,18,1.6760585757902868
2010-04-20T19:23:37Z,6.1,-74.00855,40.726052,-74.013029,40.718378,1,0,19,0.9341108432162162
2010-04-22T21:15:45Z,20.1,-73.968215,40.762328,-73.99841,40.693751,1,0,21,8.047714810257165
2010-04-21T13:35:16Z,6.5,-73.942002,40.787164,-73.95478,40.788305,1,0,13,1.0844433760823027
2010-04-21T23:39:00Z,5.3,-73.978497,40.764817,-73.963213,40.76331,1,0,23,1.299527418766689
2010-04-22T13:01:49Z,9.7,-73.997698,40.761294,-73.996852,40.73249,1,0,13,3.2072403116461285
2010-04-24T17:14:18Z,8.5,-73.984227,40.759194,-73.990882,40.734718,1,1,17,2.781861784112127
2010-04-12T14:55:23Z,8.5,-73.954111,40.764328,-73.96045,40.778621,1,0,14,1.6784385003340987
2010-04-17T00:57:30Z,14.1,-73.990081,40.732747,-73.965362,40.771772,1,1,0,4.818474340723912
2010-04-14T23:06:10Z,23.3,-73.950886,40.72401,-73.977678,40.783887,2,0,23,7.037964151163176
2010-04-13T20:02:38Z,11.3,-73.973241,40.764046,-73.968454,40.76761,4,0,20,0.5659484769869366
2010-04-17T00:59:15Z,12.1,-73.987793,40.720978,-74.007668,40.732189,3,1,0,2.0901624036031556
2010-04-19T17:04:15Z,3.3,-74.00068,40.746899,-74.005204,40.74028,1,0,17,0.8297543815441472
2010-04-14T18:24:26Z,18.5,-73.954574,40.765582,-74.015692,40.711274,2,0,18,7.945025552850657
2010-04-19T15:15:53Z,4.9,-73.981871,40.764047,-73.983955,40.774882,1,0,15,1.2188760692586413
2010-04-24T19:57:09Z,21.3,-73.985903,40.762545,-74.002734,40.719488,4,1,19,4.998885177766846
2010-04-20T23:07:39Z,4.5,-73.986415,40.760023,-73.981443,40.767782,1,0,23,0.9600847724153068
2010-04-14T13:44:36Z,45,-73.998592,40.72962,-73.789772,40.646953,1,0,13,19.884110773086874
2010-04-24T04:25:00Z,4.9,-73.985848,40.66979,-73.998882,40.661978,1,1,4,1.4026779223850332
2010-04-20T21:10:55Z,4.5,-73.982291,40.731636,-73.980099,40.743148,1,0,21,1.2947788318576026
2010-04-24T14:32:07Z,16.5,-73.987359,40.757756,-73.996426,40.71906,4,1,14,4.374980401049789
2010-04-23T09:19:14Z,9.3,-74.006318,40.744692,-73.980923,40.754899,1,0,9,2.424362993909306
2010-04-23T23:10:37Z,7.7,-73.966181,40.764962,-73.971826,40.78467,1,0,23,2.2449022976777595
2010-04-14T15:19:27Z,6.5,-73.942853,40.793998,-73.943012,40.794122,1,0,15,0.019237881058641076
2010-04-17T11:29:52Z,8.1,-73.958933,40.76809,-73.974762,40.74199,1,1,11,3.19737827283636
2010-04-24T02:15:25Z,7.3,-73.991938,40.722019,-73.963725,40.710377,1,1,2,2.710380222944848
2010-04-21T20:25:52Z,6.5,-73.980586,40.726084,-73.990286,40.714347,1,0,20,1.5417015334839004
2010-04-16T08:33:46Z,8.1,-73.959633,40.813904,-73.94026,40.839679,1,0,8,3.300856590497996
2010-04-16T13:14:51Z,16.5,-73.972906,40.756191,-74.016707,40.704764,1,0,13,6.813657316368754
2010-04-13T00:52:20Z,11.3,-73.999628,40.728477,-74.000263,40.682286,1,0,0,5.142237816059971
2010-04-18T01:40:41Z,8.9,-73.988005,40.718628,-73.995717,40.735247,1,1,1,1.9610810207390876
2010-04-17T12:40:20Z,6.5,-73.953412,40.777694,-73.968701,40.764479,1,1,12,1.9558786399983266
2010-04-17T12:37:22Z,8.1,-73.988859,40.736746,-73.997268,40.753895,2,1,12,2.0364940153231923
2010-04-14T17:12:22Z,8.1,-73.953602,40.775407,-73.979572,40.786137,2,0,17,2.4937539441874743
2010-04-18T00:30:01Z,12.9,-73.999114,40.760713,-73.99797,40.719529,1,1,0,4.5855971878235415
2010-04-13T19:49:05Z,9.3,-73.995607,40.730004,-73.994549,40.760847,1,0,19,3.434586317942193
2010-04-11T16:18:20Z,6.1,-73.983405,40.75544,-73.970206,40.754815,2,1,16,1.1151813604330527
2010-04-18T00:03:43Z,6.1,-74.003768,40.725598,-73.995423,40.743936,1,1,0,2.1593304719791737
2010-04-17T04:17:01Z,16.9,-73.985488,40.744421,-73.930268,40.703804,1,1,4,6.492017649185029
2010-04-13T22:34:48Z,17.3,-73.974598,40.786721,-74.01693,40.710789,1,0,22,9.175686096514935
2010-04-16T10:55:25Z,5.7,-73.994304,40.745502,-73.984363,40.739279,1,0,10,1.0875975204383883
2010-04-13T10:00:03Z,45,-73.986556,40.722168,-73.790443,40.646707,1,0,10,18.564144333221307
2010-04-15T17:50:36Z,10.1,-73.959262,40.771616,-73.983201,40.777568,1,0,17,2.124056016279751
2010-04-14T08:08:01Z,11.7,-73.962437,40.763345,-74.005487,40.751165,1,0,8,3.8750365795198154
2010-04-18T05:43:39Z,9.7,-73.985487,40.739819,-73.987714,40.710649,1,1,5,3.2526201154404806
2010-04-24T00:07:48Z,8.9,-74.003513,40.726937,-73.979049,40.762206,1,1,0,4.435258369366263
2010-04-12T11:49:39Z,14.1,-73.966989,40.73971,-73.971173,40.744492,1,0,11,0.6386732435495712
2010-04-23T06:10:56Z,49.57,-73.789188,40.641833,-73.951056,40.774574,4,0,6,20.122693522134142
2010-04-16T06:36:34Z,13.3,-73.990379,40.714498,-73.997536,40.761137,1,0,6,5.226807519545132
2010-04-18T14:53:04Z,6.1,-73.993612,40.691833,-73.984651,40.679597,1,1,14,1.558047646478782
2010-04-21T06:57:48Z,6.1,-73.991409,40.770735,-73.979833,40.755302,1,0,6,1.9758904524603074
2010-04-20T19:41:58Z,12.5,-73.970715,40.764778,-74.004675,40.740739,1,0,19,3.9194773901557975
2010-04-17T08:01:48Z,19.7,-73.969105,40.798398,-74.010924,40.709023,1,1,8,10.555670183301006
2010-04-12T21:35:07Z,6.9,-73.9704,40.75869,-73.985145,40.736436,1,0,21,2.771889213483134
2010-04-17T15:01:16Z,16.1,-73.945739,40.780145,-73.995129,40.759979,1,1,15,4.730475618160246
2010-04-13T08:45:30Z,6.5,-73.960355,40.761475,-73.95321,40.77157,1,0,8,1.2750474782331667
2010-04-12T19:03:32Z,6.9,-73.980102,40.789868,-73.965529,40.809233,1,0,19,2.4809591632922934
2010-04-25T00:51:47Z,39.3,-73.990726,40.756707,-73.883248,40.669491,2,1,0,13.285529980388434
2010-04-14T14:34:20Z,18.1,-74.008653,40.72045,-73.955228,40.765622,1,0,14,6.751973339728744
2010-04-16T08:22:53Z,4.9,-73.976702,40.755917,-73.978869,40.762146,1,0,8,0.7170798755603144
2010-04-15T20:33:06Z,5.7,-73.985945,40.722754,-74.001509,40.726288,1,0,20,1.370709892237444
2010-04-21T17:41:24Z,10.5,-73.985898,40.759814,-73.954439,40.769949,1,0,17,2.882378472577135
2010-04-19T10:49:26Z,6.1,-73.97345,40.763476,-73.98564,40.755274,1,0,10,1.3748239100465245
2010-04-24T20:28:34Z,6.5,-73.958314,40.764621,-73.950289,40.785646,1,1,20,2.4363015189167343
2010-04-23T20:09:00Z,14.1,-73.982228,40.778233,-74.009045,40.719368,5,0,20,6.932110064291026
2010-04-22T18:06:45Z,14.1,-73.974369,40.750324,-73.987221,40.765469,4,0,18,2.0041917010036383
2010-04-14T22:28:44Z,23.7,-73.97792,40.746199,-73.905628,40.823531,1,0,22,10.546835046296284
2010-04-23T16:52:59Z,8.1,-73.989319,40.747533,-73.975439,40.747811,1,0,16,1.17097465116424
2010-04-20T11:39:57Z,14.1,-73.981323,40.733,-74.013615,40.702388,1,0,11,4.362997605591644
2010-04-16T01:32:38Z,3.7,-74.007629,40.740803,-74.006866,40.743975,3,0,1,0.3589215565680303
2010-04-17T14:46:42Z,14.9,-74.010488,40.70964,-73.976989,40.75177,2,1,14,5.475444264484386
2010-04-23T19:11:33Z,4.9,-73.995663,40.728251,-73.997554,40.738587,1,0,19,1.1616024008830754
2010-04-19T14:21:46Z,8.1,-73.965147,40.755078,-73.972466,40.764926,1,0,14,1.2580414833609646
2010-04-24T22:50:30Z,5.3,-73.993985,40.724737,-73.998341,40.735118,1,1,22,1.2126235304581658
2010-04-11T15:29:49Z,6.1,-73.981737,40.778334,-73.966971,40.800114,1,1,15,2.7252864966298507
2010-04-22T14:32:51Z,4.5,-73.993761,40.728095,-73.982673,40.723106,1,0,14,1.0878591022126847
2010-04-13T01:46:53Z,3.7,-73.97855,40.745222,-73.977045,40.751929,1,0,1,0.757331074736475
2010-04-16T00:37:22Z,12.1,-73.988729,40.722329,-73.950569,40.721633,1,0,0,3.2203872649227074
2010-04-24T03:15:30Z,24.1,-74.011505,40.704045,-73.907844,40.770846,2,1,3,11.47814147842554
2010-04-21T06:31:34Z,8.9,-73.978666,40.736766,-73.965259,40.772803,1,0,6,4.167883401806474
2010-04-11T15:41:27Z,7.7,-73.999583,40.749015,-73.989429,40.730285,3,1,15,2.2540562099636934
2010-04-19T19:21:43Z,8.1,-73.974795,40.744646,-73.954674,40.768227,1,0,19,3.125613729871473
2010-04-11T22:07:49Z,6.1,-73.979038,40.752717,-73.980812,40.764272,1,1,22,1.2949652644204395
2010-04-16T10:25:41Z,4.9,-73.97193,40.750268,-73.979963,40.739345,1,0,10,1.3919444559735792
2010-04-16T12:50:53Z,11.7,-73.97891,40.736303,-73.980596,40.762925,1,0,12,2.966956356523734
2010-04-23T15:19:37Z,7.3,-73.982639,40.755949,-73.989833,40.73907,1,0,15,1.974484325042273
2010-04-11T18:58:39Z,9.7,-73.96436,40.807629,-73.937419,40.815241,1,1,18,2.4228880360055896
2010-04-13T17:39:03Z,5.3,-73.937779,40.797138,-73.950182,40.799018,1,0,17,1.0659561019421657
2010-04-19T21:35:00Z,7.3,-73.982013,40.768065,-73.96482,40.792713,1,0,21,3.103028804111025
2010-04-15T19:08:35Z,8.1,-73.982335,40.770643,-73.968704,40.754542,1,0,19,2.1291891683269384
2010-04-19T22:00:11Z,5.3,-73.997032,40.737445,-73.980828,40.729858,1,0,22,1.606732484983852
2010-04-21T17:26:20Z,6.5,-73.984796,40.753062,-73.981287,40.769047,1,0,17,1.80387184578177
2010-04-19T10:38:41Z,7.3,-74.008419,40.738649,-73.993458,40.72435,1,0,10,2.0313621380648077
2010-04-16T16:54:46Z,6.1,-73.987112,40.733441,-74.005972,40.735857,1,0,16,1.6134376019279966
2010-04-21T16:08:13Z,8.9,-73.982444,40.764973,-74.006932,40.751352,3,0,16,2.561790357504423
2010-04-18T19:26:00Z,8.1,-73.993635,40.763283,-73.992527,40.749823,1,1,19,1.5012704487411086
2010-04-22T09:27:09Z,7.3,-73.97721,40.751919,-73.985998,40.75212,1,0,9,0.7414226004974329
2010-04-18T14:32:09Z,4.1,-73.96283,40.758273,-73.961599,40.76748,1,1,14,1.0301606060756128
2010-04-19T03:23:00Z,13.3,-73.970516,40.784894,-74.006332,40.734418,1,0,3,6.379111367041265
2010-04-13T16:00:06Z,5.3,-73.949239,40.780931,-73.957507,40.773424,1,0,16,1.0881729439446428
2010-04-15T19:46:15Z,12.1,-73.973823,40.766308,-73.922873,40.7766,2,0,19,4.445488462402058
2010-04-16T19:24:40Z,22.9,-73.970811,40.758918,-73.973821,40.669023,1,0,19,10.01028801845095
2010-04-20T20:05:34Z,4.9,-73.9971,40.742182,-73.994729,40.737361,2,0,20,0.5727203320365775
2010-04-22T19:17:18Z,4.1,-73.983283,40.767961,-73.983058,40.760226,4,0,19,0.8612652144164005
2010-04-16T10:51:46Z,5.7,-73.990872,40.770061,-73.99266,40.758055,1,0,10,1.3449771859908404
2010-04-15T13:49:17Z,8.5,-73.987343,40.744441,-73.998595,40.723077,3,0,13,2.5606305107048914
2010-04-21T10:56:45Z,8.9,-73.990437,40.75596,-73.966814,40.753099,1,0,10,2.0173321257664054
2010-04-15T18:41:00Z,5.7,-73.983327,40.77109,-73.98708,40.761342,1,0,18,1.1303342621311911
2010-04-23T05:48:00Z,17.3,-73.972473,40.756065,-73.98706,40.695388,1,0,5,6.8657176623149105
2010-04-18T02:29:18Z,19.7,-73.953932,40.77489,-73.991629,40.692653,1,1,2,9.691112604592886
2010-04-19T21:52:05Z,6.5,-74.006677,40.731751,-73.992631,40.725322,1,0,21,1.3842651729714397
2010-04-19T13:03:05Z,9.3,-73.997474,40.741754,-74.017306,40.708701,1,0,13,4.041971316394787
2010-04-20T15:15:57Z,5.3,-73.952672,40.783189,-73.946997,40.780338,1,0,15,0.5740622265750698
2010-04-17T03:38:57Z,10.5,-73.988601,40.731441,-73.991225,40.762064,2,1,3,3.416112172636877
2010-04-22T07:12:15Z,4.1,-73.982698,40.782627,-73.974056,40.785545,1,0,7,0.7975664406502049
2010-04-24T07:31:24Z,12.5,-73.943431,40.789121,-73.938851,40.760711,1,1,7,3.1860671542670134
2010-04-17T08:55:31Z,5.7,-73.938307,40.796139,-73.950246,40.783062,1,1,8,1.7696462595889546
2010-04-11T04:38:23Z,4.1,-73.965481,40.754704,-73.963876,40.761375,2,1,4,0.7548436391747307
2010-04-22T07:21:46Z,3.3,-73.978084,40.752493,-73.982444,40.747667,1,0,7,0.6510044209544015
2010-04-12T00:13:05Z,6.9,-73.978649,40.77729,-73.953353,40.776815,1,0,0,2.1330432678752858
2010-04-23T08:15:54Z,5.7,-73.952393,40.772572,-73.963613,40.761085,1,0,8,1.5905936492045043
2010-04-15T01:44:58Z,4.5,-73.988148,40.74392,-73.977857,40.744346,2,0,1,0.8692291458094793
2010-04-20T20:20:43Z,5.3,-74.003129,40.727532,-73.987244,40.721334,1,0,20,1.5073077619772433
2010-04-22T10:16:06Z,12.9,-73.985708,40.768387,-74.008642,40.72007,1,0,10,5.715841823004779
2010-04-16T18:35:42Z,6.5,-73.98225,40.76805,-73.990424,40.773299,1,0,18,0.9034945445820468
2010-04-15T13:12:19Z,7.7,-73.993986,40.746353,-73.979097,40.76146,1,0,13,2.098692825825671
2010-04-21T19:12:41Z,5.3,-73.983339,40.766684,-73.989901,40.757213,1,0,19,1.1906669796736498
2010-04-23T07:27:45Z,4.9,-73.977788,40.751939,-73.985002,40.741502,1,0,7,1.3114973719703775
2010-04-15T23:40:49Z,16.5,-74.006483,40.738253,-73.963773,40.803116,1,0,23,8.068506980729966
2010-04-12T12:15:12Z,5.3,-73.98581,40.740728,-73.975417,40.755225,1,0,12,1.8364571145437112
2010-04-13T21:44:38Z,15.3,-74.00311,40.707714,-73.943505,40.684023,1,0,21,5.68005006607334
2010-04-12T21:50:00Z,6.1,-73.98154,40.780628,-73.963245,40.774232,1,0,21,1.6986357100917424
2010-04-22T11:31:40Z,6.9,-73.958753,40.775134,-73.97007,40.761508,1,0,11,1.7919669380040004
2010-04-14T08:04:01Z,9.7,-73.957533,40.785211,-73.983742,40.755341,1,0,8,3.992318435551088
2010-04-23T19:25:00Z,7.7,-73.981888,40.766922,-73.979208,40.746752,5,0,19,2.256657958123917
2010-04-11T16:24:38Z,6.1,-73.980996,40.741597,-73.987405,40.75047,1,1,16,1.1259582025075778
2010-04-18T02:01:36Z,9.3,-73.982655,40.763941,-73.98774,40.731727,1,1,2,3.611596734295902
2010-04-14T22:43:35Z,7.3,-73.978324,40.766473,-73.955038,40.785911,1,0,22,2.9215449568300924
2010-04-11T19:48:32Z,26.9,-73.969629,40.800345,-73.868549,40.863298,1,1,19,11.02699436121603
2010-04-21T12:31:07Z,49.57,-74.000371,40.758514,-73.786309,40.638561,1,0,12,22.465351447358383
2010-04-21T13:51:47Z,9.7,-73.96789,40.765415,-73.970786,40.795118,1,0,13,3.3155217805532393
2010-04-19T15:42:32Z,6.9,-73.987288,40.738882,-73.969084,40.759302,1,0,15,2.742993010919596
2010-04-21T07:41:09Z,7.7,-73.982015,40.778332,-73.997106,40.75626,1,0,7,2.766922593815176
2010-04-14T15:53:14Z,6.5,-73.968896,40.764178,-73.971261,40.752023,1,0,15,1.3677049012619047
2010-04-16T07:32:49Z,7.7,-73.948048,40.779414,-73.939186,40.804774,1,0,7,2.9201887589047217
2010-04-22T08:49:45Z,7.3,-73.970192,40.762433,-73.95849,40.781107,1,0,8,2.3009916150608873
2010-04-21T22:43:00Z,5.3,-73.996098,40.725423,-74.003885,40.737323,1,0,22,1.4786210854249007
2010-04-13T07:20:02Z,4.9,-73.989807,40.756731,-73.979664,40.756958,1,0,7,0.8556620832157337
2010-04-20T15:25:55Z,7.3,-73.967255,40.76489,-73.976285,40.775889,3,0,15,1.4417743865175883
2010-04-11T12:43:39Z,8.9,-74.007101,40.718182,-73.990517,40.693858,1,1,12,3.048012641590189
2010-04-20T11:25:30Z,4.1,-73.987177,40.7627,-73.982102,40.769578,2,0,11,0.8771028117001901
2010-04-21T14:33:06Z,16.1,-74.002429,40.750269,-73.962035,40.772162,1,0,14,4.18805997481281
2010-04-19T10:23:42Z,16.9,-74.012346,40.706585,-73.987214,40.74454,1,0,10,4.727261323254731
2010-04-13T16:59:39Z,5.3,-74.001482,40.741167,-74.002038,40.750718,1,0,16,1.0642459880222757
2010-04-17T21:50:07Z,6.9,-73.982404,40.772344,-73.97438,40.788654,2,1,21,1.9375118570316898
2010-04-20T15:26:37Z,4.1,-73.990193,40.737384,-73.998035,40.735199,1,0,15,0.7047690811587349
2010-04-15T09:38:46Z,5.7,-73.969197,40.764173,-73.977654,40.75393,1,0,9,1.3448667298293477
2010-04-11T21:07:33Z,6.1,-73.995494,40.759892,-73.984791,40.74843,1,1,21,1.5628892367946727
2010-04-14T14:35:18Z,8.5,-73.980405,40.730516,-73.977859,40.751673,1,0,14,2.36495569416295
2010-04-23T22:20:52Z,8.9,-73.996724,40.737392,-73.996889,40.752998,2,0,22,1.7373077064030178
2010-04-23T03:31:48Z,14.5,-73.987554,40.732408,-73.981072,40.667654,1,0,3,7.22911045362873
2010-04-22T23:03:53Z,16.9,-74.003348,40.728765,-73.96934,40.676566,1,0,23,6.480884981505158
2010-04-16T15:29:46Z,38.67,-73.863221,40.769178,-73.993539,40.76303,1,0,15,11.008576318523255
2010-04-19T10:50:04Z,9.7,-73.990757,40.723637,-73.984721,40.748498,2,0,10,2.8139561903031933
2010-04-24T11:07:55Z,8.9,-73.982642,40.765523,-74.000978,40.73606,2,1,11,3.6260359169434255
2010-04-16T06:08:38Z,5.3,-73.993804,40.741533,-73.983045,40.758557,1,0,6,2.101107672687568
2010-04-17T20:56:11Z,6.1,-73.788193,40.647445,-73.805477,40.65056,1,1,20,1.5004210240892282
2010-04-17T01:22:41Z,11.3,-73.998581,40.724956,-73.993367,40.721784,3,1,1,0.564073951651411
2010-04-21T10:17:44Z,6.5,-73.979951,40.743047,-73.965134,40.763218,1,0,10,2.5696589806064867
2010-04-20T12:20:00Z,3.3,-73.999892,40.738485,-74.004178,40.736565,5,0,12,0.4199691808050183
2010-04-23T21:40:28Z,6.5,-73.980442,40.750805,-73.97998,40.732369,1,0,21,2.0526560191928622
2010-04-13T14:41:55Z,7.3,-73.983245,40.779177,-73.974708,40.763603,1,0,14,1.877141565388474
2010-04-17T22:10:28Z,5.3,-73.966315,40.764612,-73.953908,40.770683,1,1,22,1.2453531499050683
2010-04-18T05:32:18Z,4.9,-73.997071,40.74738,-73.990318,40.739451,1,1,5,1.050457368964847
2010-04-19T20:17:21Z,5.3,-73.968102,40.762602,-73.97396,40.749452,1,0,20,1.5449490581255412
2010-04-14T17:13:11Z,8.5,-73.959638,40.762776,-73.975849,40.747477,1,0,17,2.1838384712213257
2010-04-25T00:52:39Z,6.9,-73.975948,40.744647,-73.98125,40.725135,1,1,0,2.217630182620133
2010-04-25T00:18:00Z,9.7,-73.980127,40.775637,-74.000498,40.742175,5,1,0,4.101937062531114
2010-04-23T14:56:11Z,5.7,-73.957513,40.780321,-73.966601,40.772418,2,0,14,1.166570916649636
2010-04-13T18:41:32Z,4.9,-73.99449,40.750595,-73.979116,40.749461,1,0,18,1.3026468040346393
2010-04-13T16:21:21Z,8.1,-73.962015,40.779277,-73.9739,40.752362,2,0,16,3.159286641809251
2010-04-24T11:56:48Z,3.3,-73.990903,40.751197,-73.9978,40.754097,1,1,11,0.6651996282540624
2010-04-23T11:14:37Z,3.3,-73.974111,40.783803,-73.978419,40.777966,1,0,11,0.7443578469470434
2010-04-20T07:15:11Z,7.3,-73.958064,40.779062,-73.975191,40.75463,1,0,7,3.0793135291541622
2010-04-13T14:22:16Z,14.9,-73.992146,40.749547,-73.954136,40.765136,1,0,14,3.6447375230783967
2010-04-20T14:54:52Z,13.3,-73.936412,40.760364,-73.985008,40.742558,4,0,14,4.552287832264115
2010-04-14T10:53:46Z,8.5,-73.970716,40.75732,-73.974301,40.736794,1,0,10,2.3048599922579234
2010-04-15T14:49:45Z,8.1,-73.986109,40.761826,-74.008534,40.745583,1,0,14,2.6163832740531427
2010-04-14T11:59:37Z,6.5,-73.97113,40.755191,-73.980628,40.758699,1,0,11,0.8910312904345706
2010-04-15T12:39:53Z,16.5,-73.976267000000007,40.757375,-74.014437,40.703119,2,0,12,6.844437858812649
2010-04-20T18:43:19Z,7.7,-73.987483,40.741493,-73.969923,40.766568,1,0,18,3.1597871159664965
2010-04-21T07:02:00Z,45,-73.785997,40.641935,-73.997763,40.72431,2,0,7,20.091252488700732
2010-04-15T09:51:06Z,8.9,-73.979702,40.737555,-73.972292,40.759862,1,0,9,2.5606277544677174
2010-04-24T08:08:00Z,16.1,-73.972965,40.743293,-73.910608,40.777768,1,1,8,6.5094655811605415
2010-04-20T16:41:11Z,5.3,-73.982794,40.742363,-73.992536,40.729985,1,0,16,1.6043330732979304
2010-04-14T13:26:49Z,7.3,-73.963265,40.77757,-73.973281,40.762583,1,0,13,1.8698681403787698
2010-04-22T18:15:29Z,10.9,-73.971945,40.745875,-73.990904,40.766137,1,0,18,2.764665645512284
2010-04-19T22:22:38Z,15.3,-73.999657,40.738671,-73.979254,40.673712,1,0,22,7.433352466190892
2010-04-17T14:52:17Z,7.3,-73.984808,40.769303,-73.963157,40.774918,1,1,14,1.9293186901839985
2010-04-20T08:57:06Z,7.7,-73.992012,40.758891,-73.990135,40.740755,1,0,8,2.0250861855060434
2010-04-17T10:45:26Z,8.1,-73.992294,40.74954,-73.981883,40.771343,1,1,10,2.5809710990207253
2010-04-21T18:36:12Z,4.5,-73.953644,40.766903,-73.962105,40.763918,1,0,18,0.7869600685695013
2010-04-13T21:12:27Z,7.7,-73.994833,40.73039,-73.993117,40.746314,1,0,21,1.7785507761015753
2010-04-16T13:32:55Z,4.1,-73.974741,40.742035,-73.96875,40.750454,1,0,13,1.064720283180594
2010-04-13T18:45:08Z,9.3,-73.982514,40.761742,-73.987824,40.740118,1,0,18,2.4484690929771946
2010-04-22T19:42:27Z,5.7,-73.987537,40.751083,-73.98724,40.758649,1,0,19,0.8426155458991389
2010-04-15T12:06:57Z,15.3,-73.961167,40.760478,-74.005915,40.743634,1,0,12,4.213742756557099
2010-04-23T04:08:09Z,22.27,-73.913891,40.765155,-73.854167,40.82859,2,0,4,8.671641895455183
2010-04-22T12:52:25Z,18.9,-73.973335,40.763923,-74.011015,40.715796,1,0,12,6.229194692114779
2010-04-13T10:43:15Z,16.1,-73.960461,40.770478,-74.000028,40.734046,1,0,10,5.251761057166897
2010-04-21T14:33:57Z,11.3,-73.982416,40.764047,-73.987177,40.738862,1,0,14,2.8321840498646136
2010-04-19T17:35:02Z,6.1,-73.98618,40.718077,-73.988239,40.731709,1,0,17,1.5274166732989194
2010-04-19T17:33:26Z,8.1,-73.975859,40.79147,-73.98481,40.769251,1,0,17,2.5859291098817265
2010-04-21T19:48:21Z,8.9,-74.008002,40.741131,-73.985464,40.738939,1,0,19,1.9165508482591338
2010-04-16T12:36:24Z,10.9,-73.98457,40.758767,-73.999943,40.723632,1,0,12,4.120527469396434
2010-04-17T21:59:09Z,8.9,-73.981651,40.757675,-73.973835,40.739167,1,1,21,2.1631742653551536
2010-04-17T17:45:48Z,8.5,-74.002409,40.734073,-74.011482,40.709964,1,1,17,2.7908288921167856
2010-04-23T20:26:47Z,34.1,-73.776845,40.645387,-73.782933,40.776801,2,0,20,14.6379565632211
2010-04-19T03:25:59Z,8.1,-73.988425,40.718513,-73.946666,40.707055,1,0,3,3.7473338015108877
2010-04-19T22:07:37Z,49.57,-73.78426,40.648634,-73.981847,40.762666,1,0,22,20.956095889364168
2010-04-22T17:14:07Z,6.1,-74.00138,40.741119,-73.985671,40.743877,2,0,17,1.3600240823949077
2010-04-13T19:57:48Z,4.9,-73.978397,40.787862,-73.970026,40.799677,1,0,19,1.4924986856259148
2010-04-15T18:29:11Z,9.3,-73.949256,40.780957,-73.976216,40.780541,1,0,18,2.2730040194304126
2010-04-18T17:25:43Z,3.3,-73.962112,40.767271,-73.95802,40.773371,1,1,17,0.7616551866980713
2010-04-24T11:58:41Z,9.7,-73.977587,40.758052,-74.003288,40.736266,3,1,11,3.252644256007669
2010-04-12T20:38:39Z,6.5,-73.965065,40.763629,-73.979486,40.746459,1,0,20,2.2654077617081128
2010-04-17T17:28:15Z,4.1,-73.969561,40.768866,-73.973359,40.762184,1,1,17,0.8098347286640633
2010-04-19T14:58:08Z,4.9,-73.955529,40.779777,-73.954472,40.786817,2,0,14,0.7887372997959327
2010-04-13T11:38:00Z,5.7,-73.99076,40.77008,-73.975327,40.761898,1,0,11,1.5882859827595328
2010-04-24T19:55:21Z,14.1,-73.966676,40.75994,-73.999882,40.736089,1,1,19,3.858978644661034
2010-04-17T10:10:00Z,6.1,-73.977593,40.788673,-73.957552,40.77861,1,1,10,2.026915977633252
2010-04-23T01:10:17Z,16.9,-73.998509,40.724643,-73.92501,40.704423,1,0,1,6.597450274015199
2010-04-21T18:27:55Z,19.3,-73.954443,40.778337,-74.009751,40.721405,1,0,18,7.868972350919199
2010-04-22T01:27:07Z,7.3,-73.9825,40.771479,-74.005346,40.740112,1,0,1,3.9879422689881125
2010-04-12T12:20:19Z,4.5,-73.991771,40.742442,-73.983314,40.738466,1,0,12,0.8394590367333954
2010-04-20T19:58:53Z,7.7,-73.960556,40.772516,-73.961774,40.795577,1,0,19,2.569190784408146
2010-04-18T13:20:50Z,15.3,-73.951417,40.778539,-73.99519,40.735629,2,1,13,6.0366357952745275
2010-04-15T18:41:46Z,8.5,-73.979597,40.786452,-73.952805,40.783456,2,0,18,2.282723177285774
2010-04-16T06:32:09Z,25.87,-73.974492,40.755613,-73.885346,40.77305,2,0,6,7.762815396306429
2010-04-13T08:21:43Z,8.9,-73.998389,40.726036,-73.978038,40.751914,1,0,8,3.3533597392908483
2010-04-20T00:29:00Z,7.7,-73.986147,40.726322,-74.008145,40.716697,1,0,0,2.1430027350933942
2010-04-12T14:07:36Z,5.7,-73.985925,40.740786,-74.006003,40.736237,1,0,14,1.767595421685326
2010-04-23T15:33:38Z,10.1,-73.990689,40.734929,-73.976874,40.764869,2,0,15,3.5306640857622815
2010-04-12T17:45:32Z,7.3,-73.952755,40.768958,-73.963517,40.77365,1,0,17,1.0468903126598603
2010-04-24T11:49:02Z,4.1,-73.990387,40.756028,-73.983308,40.756323,1,1,11,0.5978316209610226
2010-04-19T09:17:04Z,7.7,-73.997528,40.741927,-73.97909,40.745844,1,0,9,1.6150280026509531
2010-04-25T00:10:31Z,3.7,-73.972253,40.786326,-73.977938,40.778452,1,1,0,0.9989642676554451
2010-04-22T19:38:40Z,11.3,-73.982146,40.743354,-74.007386,40.706188,2,0,19,4.653100495838652
2010-04-18T06:44:00Z,45,-73.780337,40.645998,-73.960423,40.761928,1,1,6,19.937625840544193
2010-04-13T09:47:43Z,5.3,-73.972438,40.756237,-73.956977,40.770916,1,0,9,2.0903317876230596
2010-04-16T00:24:00Z,3.7,-73.988428,40.732077,-73.992033,40.725488,2,0,0,0.7940299996615271
2010-04-13T20:18:51Z,4.9,-73.973823,40.751385,-73.967067,40.763416,1,0,20,1.4554110059737604
2010-04-12T07:41:37Z,8.5,-73.973265,40.74779,-73.968102,40.768543,1,0,7,2.350875730376826
2010-04-19T16:12:45Z,6.5,-73.967262,40.672862,-73.95288,40.66384,1,0,16,1.5758511328421474
2010-04-16T06:32:18Z,8.1,-73.947969,40.77468,-73.977814,40.762907,1,0,6,2.837020974127092
2010-04-20T13:03:25Z,3.7,-73.986846,40.766253,-73.98163,40.763646,2,0,13,0.526900631679428
2010-04-18T18:27:22Z,6.1,-73.978047,40.745882,-73.990445,40.75598,1,1,18,1.5351690625032843
2010-04-15T23:14:37Z,7.3,-73.991818,40.726283,-73.980644,40.74275,1,0,23,2.061221610150205
2010-04-16T14:20:38Z,16.5,-74.003641,40.725373,-73.974054,40.672223,1,0,14,6.421973797342992
2010-04-16T15:27:14Z,7.7,-74.009046,40.717137,-73.988908,40.730927,2,0,15,2.289738372461045
2010-04-13T20:51:45Z,8.5,-73.966073,40.768262,-73.987396,40.739055,1,0,20,3.7153996272044907
2010-04-14T15:25:19Z,6.9,-73.982317,40.75285,-73.988823,40.752333,1,0,15,0.5516513101027017
2010-04-15T13:04:26Z,5.7,-73.981871,40.76629,-73.989617,40.752316,2,0,13,1.6871335325893966
2010-04-19T15:06:36Z,7.3,-73.967428,40.760256,-73.944625,40.779841,1,0,15,2.9067166712021715
2010-04-22T13:32:23Z,7.7,-73.993238,40.742874,-74.003946,40.725816,1,0,13,2.1027629643019705
2010-04-14T09:04:28Z,12.1,-73.990024,40.756929,-74.00407,40.716868,1,0,9,4.614262112317281
2010-04-18T00:57:09Z,5.3,-73.985048,40.728089,-73.992132,40.721653,1,1,0,0.932988530211719
2010-04-12T13:44:27Z,3.7,-73.966406,40.761216,-73.961729,40.768355,1,0,13,0.8871647887429807
2010-04-20T20:25:00Z,5.3,-73.977673,40.737965,-73.970378,40.7532,1,0,20,1.804099812234235
2010-04-23T06:35:27Z,5.3,-73.999536,40.761343,-73.995097,40.750105,1,0,6,1.3058081328598383
2010-04-18T16:01:41Z,6.1,-73.967391,40.752502,-73.973196,40.764134,1,1,16,1.3842973255103146
2010-04-12T18:52:26Z,43.3,-73.955608,40.764128,-73.946553,40.594574,2,0,18,18.890138584795277
2010-04-20T02:36:00Z,11.7,-73.961832,40.77686,-74.005708,40.733225,1,0,2,6.106025115268554
2010-04-19T09:11:03Z,37.2,-73.863251,40.770102,-73.972495,40.759344,1,0,9,9.288224821459758
2010-04-16T07:46:21Z,10.9,-73.959532,40.771994,-73.991465,40.749823,1,0,7,3.6525370024089256
2010-04-14T09:13:47Z,11.3,-73.951607,40.766499,-73.979955,40.754672,1,0,9,2.728863129394357
2010-04-23T05:03:48Z,18.5,-73.78224,40.644735,-73.841132,40.720473,2,0,5,9.78772019300543
2010-04-16T07:30:36Z,31.47,-73.971311,40.648003,-73.954275,40.764417,1,0,7,13.038644448834935
2010-04-20T20:36:46Z,5.3,-73.99381,40.736208,-74.007573,40.740871,1,0,20,1.2716280613160675
2010-04-23T10:28:33Z,27.07,-73.871044,40.773841,-73.962872,40.758356,1,0,10,7.931718640289064
2010-04-11T21:58:10Z,4.5,-73.978467,40.756111,-73.971733,40.762127,1,1,21,0.8780125706714623
2010-04-12T13:02:34Z,9.7,-73.973177,40.695924,-73.937864,40.703624,1,0,13,3.1010715479105615
2010-04-20T08:05:52Z,7.7,-73.964212,40.802321,-73.939177,40.805003,1,0,8,2.1305630521281316
2010-04-15T04:10:52Z,4.9,-73.974472,40.757205,-73.980641,40.743982,1,0,4,1.561206461239078
2010-04-23T21:47:45Z,28.1,-73.990301,40.76078,-73.932863,40.663428,1,0,21,11.871560066857247
2010-04-11T11:42:00Z,9.7,-73.986633,40.73406,-73.981678,40.764652,5,1,11,3.4310271776064942
2010-04-19T21:58:58Z,3.7,-73.97023,40.793924,-73.966747,40.788864,1,0,21,0.6351763213821786
2010-04-20T16:23:02Z,6.5,-73.967634,40.76281,-73.985756,40.744943,1,0,16,2.508228386095236
2010-04-20T19:30:44Z,3.7,-73.973166,40.792894,-73.970129,40.789469,1,0,19,0.45921688531806115
2010-04-12T22:03:20Z,6.9,-73.987919,40.737743,-74.00694,40.719405,1,0,22,2.5965229293271186
2010-04-11T15:24:54Z,12.1,-74.007006,40.705358,-74.003549,40.739295,1,1,15,3.789090998129588
2010-04-23T19:33:06Z,4.5,-74.010838,40.71678,-74.015288,40.711359,2,0,19,0.7107404676135496
2010-04-18T14:57:39Z,7.3,-73.997402,40.725772,-73.991276,40.748701,1,1,14,2.604221245006565
2010-04-17T13:42:16Z,15.3,-73.944557,40.787958,-73.992307,40.742712,1,1,13,6.448017829060371
2010-04-16T07:38:16Z,4.5,-73.964025,40.767876,-73.956339,40.764716,1,0,7,0.7373365652121874
2010-04-24T01:44:34Z,20.5,-73.994064,40.747586,-73.942817,40.827214,1,1,1,9.860508093718433
2010-04-17T02:13:03Z,11.3,-73.977867,40.742145,-74.009989,40.714431,1,1,2,4.106196305751248
2010-04-19T16:46:43Z,8.5,-73.994989,40.713511,-74.002748,40.732634,4,0,16,2.2271337681622763
2010-04-24T20:32:00Z,14.5,-73.997008,40.731453,-73.953008,40.782538,2,1,20,6.790053401760077
2010-04-17T11:57:35Z,12.1,-73.957898,40.779133,-73.994426,40.737445,1,1,11,5.569820815672383
2010-04-19T17:45:36Z,7.7,-73.964022,40.761356,-73.982723,40.771507,1,0,17,1.9398161552623732
2010-04-15T19:56:32Z,11.3,-73.979072,40.758717,-73.992722,40.720509,1,0,19,4.406362395639123
2010-04-14T16:24:05Z,10.5,-74.009061,40.713565,-73.988815,40.750887,1,0,16,4.49198801283496
2010-04-11T04:16:19Z,10.5,-74.005216,40.740729,-73.972497,40.757909,1,1,4,3.3572542281945603
2010-04-18T13:09:50Z,14.1,-74.010058,40.720877,-73.964963,40.672175,1,1,13,6.624052667130293
2010-04-18T20:09:45Z,10.9,-74.000402,40.725636,-73.993536,40.694582,1,1,20,3.505129521574149
2010-04-17T12:53:20Z,6.9,-74.004393,40.707634,-73.988418,40.718248,1,1,12,1.7924894796554551
2010-04-14T19:05:05Z,8.9,-73.992124,40.745471,-73.970534,40.766047,1,0,19,2.9259000679043967
2010-04-23T11:25:47Z,7.7,-73.972486,40.74579,-73.990777,40.730701,1,0,11,2.280696347366812
2010-04-21T17:36:00Z,8.1,-74.013435,40.715933,-73.98628,40.715223,4,0,17,2.29257647240439
2010-04-19T15:08:30Z,4.9,-74.005624,40.739967,-73.995136,40.734914,2,0,15,1.0483264898304088
2010-04-22T12:19:33Z,3.7,-73.993949,40.720517,-73.997792,40.713955,1,0,12,0.7992087692902301
2010-04-16T16:59:17Z,6.9,-73.99471,40.740423,-73.974575,40.746863,1,0,16,1.843302576939722
2010-04-24T15:24:13Z,45,-73.788334,40.641186,-73.956653,40.771246,2,1,15,20.282290284894746
2010-04-14T14:54:28Z,6.5,-73.989614,40.753029,-73.990293,40.737276,1,0,14,1.7545507086403394
2010-04-25T01:06:21Z,6.9,-73.991388,40.727094,-73.985559,40.738152,2,1,1,1.3255400955895695
2010-04-11T16:22:03Z,6.1,-73.975517,40.751058,-73.961507,40.759623,2,1,16,1.5181432128062755
2010-04-11T10:43:24Z,10.1,-73.969765,40.799796,-73.939751,40.815832,2,1,10,3.0955037552770746
2010-04-24T13:25:26Z,8.1,-73.998338,40.745167,-73.978503,40.758109,2,1,13,2.2075920080195184
2010-04-18T16:35:59Z,14.5,-73.958634,40.712864,-74.00919,40.738842,1,1,16,5.152986224134103
2010-04-18T03:41:12Z,9.3,-73.977157,40.764352,-73.963204,40.793609,1,1,3,3.4627447656911863
2010-04-23T08:28:34Z,10.1,-73.941175,40.830783,-73.967602,40.801111,1,0,8,3.983371034992831
2010-04-17T04:17:46Z,7.3,-74.007619,40.729199,-74.009214,40.711232,4,1,4,2.0045992330418088
2010-04-15T09:58:04Z,7.7,-73.991935,40.749445,-74.004032,40.725697,1,0,9,2.833693608791741
2010-04-25T00:13:51Z,8.9,-73.983089,40.730437,-73.955274,40.771503,1,1,0,5.138113401265643
2010-04-14T20:10:46Z,6.9,-73.968182,40.755577,-73.957545,40.770481,1,0,20,1.885998771010406
2010-04-20T06:30:15Z,4.9,-73.991413,40.744888,-73.975447,40.750818,1,0,6,1.4995946326124385
2010-04-12T07:42:09Z,6.1,-74.016156,40.71513,-74.008586,40.704024,1,0,7,1.3915861095416886
2010-04-23T17:58:48Z,9.3,-73.973524,40.77963,-73.959763,40.808574,3,0,17,3.424388180591295
2010-04-19T11:02:13Z,7.3,-73.974092,40.742951,-73.978995,40.719563,1,0,11,2.6361871567502226
2010-04-15T12:38:24Z,13.7,-73.970417,40.783955,-73.973886,40.738525,1,0,12,5.0656960329560885
2010-04-15T16:57:50Z,9.3,-73.955973,40.775113,-73.971105,40.790758,1,0,16,2.15870007410989
2010-04-24T00:30:05Z,20.9,-73.993631,40.767162,-73.891401,40.746519,1,1,0,8.921381127073207
2010-04-11T07:41:25Z,6.5,-73.992139,40.74354,-73.980885,40.767776,2,1,7,2.859974718085538
2010-04-17T14:36:05Z,6.5,-73.998825,40.723188,-74.007382,40.705101,1,1,14,2.1389786716645864
2010-04-24T00:03:32Z,4.5,-73.998633,40.74529,-73.986734,40.745479,4,1,0,1.0037536450401368
2010-04-13T16:29:00Z,6.9,-73.97054,40.757717,-73.971873,40.74633,2,0,16,1.2725695962783152
2010-04-17T10:34:45Z,10.1,-73.999092,40.744441,-73.960693,40.761572,1,1,10,3.7579314306255043
2010-04-15T22:48:57Z,10.5,-73.991778,40.744676,-73.972363,40.785714,1,0,22,4.852747764565656
2010-04-19T20:10:19Z,4.5,-73.988227,40.720074,-73.985963,40.726943,1,0,20,0.7881480150466171
2010-04-17T22:30:19Z,6.5,-74.001001,40.733204,-74.010223,40.719524,1,1,22,1.710068059940312
2010-04-20T19:26:08Z,4.1,-73.977583,40.786731,-73.982425,40.779795,1,0,19,0.8733424378317713
2010-04-15T18:44:10Z,15.7,-73.98161,40.761353,-73.962995,40.710205,2,0,18,5.906305614450011
2010-04-22T18:00:37Z,4.5,-73.984514,40.742379,-73.99201,40.73452,1,0,18,1.0794133801148396
2010-04-17T23:55:35Z,4.9,-74.002314,40.738557,-74.001959,40.750827,2,1,23,1.3662182551161393
2010-04-25T01:46:24Z,9.7,-74.004995,40.729545,-73.981007,40.730769,1,1,1,2.028135673987694
2010-04-20T10:30:29Z,3.3,-73.987826,40.761506,-73.990622,40.764301,1,0,10,0.39036255685744975
2010-04-16T20:07:56Z,6.5,-73.960116,40.775474,-73.970018,40.757287,3,0,20,2.1899414966187614
2010-04-17T00:36:36Z,10.9,-73.992432,40.724458,-73.965535,40.76051,2,1,0,4.610066687469222
2010-04-18T16:06:46Z,10.9,-73.971525,40.782388,-73.974747,40.764664,1,1,16,1.991635509622377
2010-04-17T18:55:01Z,8.5,-73.991431,40.750319,-73.985023,40.763677,3,1,18,1.5821360500043096
2010-04-18T10:22:32Z,32.27,-73.870907,40.773769,-74.005075,40.707371,1,1,10,13.516270886456486
2010-04-11T15:03:15Z,6.5,-73.956856,40.770772,-73.957371,40.785621,2,1,15,1.6535530925666762
2010-04-13T07:48:00Z,9.3,-73.957412,40.779672,-73.976778,40.750378,3,0,7,3.6469316696181227
2010-04-12T20:04:43Z,9.7,-73.986222,40.756805,-73.988654,40.728217,3,0,20,3.189005066667855
2010-04-23T07:54:50Z,6.1,-73.990277,40.756572,-73.976895,40.756533,1,0,7,1.1284245925003102
2010-04-17T23:20:36Z,8.1,-73.950937,40.770561,-73.977974,40.759571,2,1,23,2.587104140247593
2010-04-16T20:42:20Z,5.7,-73.949109000000007,40.781716,-73.954084,40.76394,4,0,20,2.0227732384596258
2010-04-24T18:02:54Z,6.1,-73.974794,40.762068,-73.971311,40.766521,2,1,18,0.5761621912015805
2010-04-16T19:53:33Z,5.7,-73.955225,40.771006,-73.959346,40.771558,1,0,19,0.35281223793346794
2010-04-20T08:03:12Z,4.9,-73.984453,40.763886,-73.992886,40.753518,1,0,8,1.3556239446983251
2010-04-21T09:01:37Z,12.5,-73.933441,40.75816,-73.955558,40.7644,1,0,9,1.9900193562107296
2010-04-12T02:39:44Z,10.1,-73.988086,40.722724,-73.981337,40.759264,1,0,2,4.107250943954646
2010-04-15T09:06:40Z,4.1,-73.986147,40.762641,-73.996196,40.763945,1,0,9,0.8596252174850064
2010-04-19T22:16:38Z,5.3,-73.99331,40.74976,-73.984229,40.759989,1,0,22,1.3722234984733381
2010-04-13T07:05:51Z,4.1,-73.993996,40.751644,-73.984434,40.754904,1,0,7,0.8842411910654591
2010-04-17T13:53:59Z,4.1,-74.010635,40.710981,-74.005375,40.720952,1,1,13,1.1954057873362196
2010-04-15T22:17:47Z,19.7,-73.962025,40.779357,-73.957936,40.719888,1,0,22,6.629033811232178
2010-04-14T14:12:18Z,5.3,-73.967279,40.769124,-73.970358,40.75707,1,0,14,1.366727411450559
2010-04-19T21:04:08Z,10.5,-74.013414,40.706047,-74.003713,40.748262,1,0,21,4.7700799993386775
2010-04-18T11:34:40Z,21.3,-73.989761,40.767848,-73.975506,40.719081,1,1,11,5.560253684972512
2010-04-17T17:56:46Z,4.5,-73.987243,40.755179,-73.990568,40.746327,2,1,17,1.0245181880647822
2010-04-21T14:02:50Z,4.1,-73.97227,40.764425,-73.980967,40.767697,1,0,14,0.8187388329164151
2010-04-22T21:40:28Z,8.1,-73.979387,40.783108,-73.958493,40.810707,1,0,21,3.541105477215338
2010-04-20T09:39:58Z,2.5,-73.971081,40.761481,-73.971802,40.761828,1,0,9,0.07202668821591789
2010-04-21T12:19:21Z,6.9,-73.97828,40.756992,-73.975211,40.744479,1,0,12,1.4167806159582412
2010-04-20T11:41:24Z,6.1,-74.005035,40.720775,-73.996295,40.732204,1,0,11,1.470480509117653
2010-04-21T17:25:37Z,4.5,-74.001207,40.72319,-73.999357,40.733795,1,0,17,1.1908141233798433
2010-04-14T17:27:44Z,5.7,-73.976437,40.754837,-73.983852,40.753154,1,0,17,0.6527467260348744
2010-04-24T01:37:25Z,9.3,-73.982412,40.764102,-73.98493,40.732475,1,1,1,3.5270998018251163
2010-04-11T10:52:58Z,6.9,-73.97817,40.729521,-73.979672,40.750972,1,1,10,2.391272510918942
2010-04-17T09:48:13Z,9.3,-73.975409,40.761818,-74.008058,40.748148,4,1,9,3.1457065183392725
2010-04-13T08:57:24Z,8.9,-73.998189,40.713217,-74.010169,40.701772,3,0,8,1.6264091820439222
2010-04-12T11:37:04Z,5.7,-73.996657,40.747798,-73.995585,40.754543,1,0,11,0.7562725698141988
2010-04-22T03:01:13Z,4.9,-73.97365,40.743655,-73.980142,40.750847,1,0,3,0.9699159863258727
2010-04-24T21:50:43Z,7.3,-73.986012,40.757512,-73.983735,40.74345,1,1,21,1.5771082194721817
2010-04-12T00:36:22Z,6.9,-73.98495,40.748275,-73.992607,40.756744,2,0,0,1.1426892997837759
2010-04-17T14:45:22Z,7.7,-74.012603,40.702257,-73.99849,40.717134,3,1,14,2.0398280456686195
2010-04-12T20:51:59Z,12.9,-74.000804,40.746204,-73.950309,40.783746,1,0,20,5.9657828895768015
2010-04-13T04:13:54Z,17.7,-73.994103,40.74665,-73.978079,40.6635,1,0,4,9.354469118032236
2010-04-21T17:01:31Z,6.1,-73.994663,40.750343,-74.003143,40.743329,4,0,17,1.0588224050393926
2010-04-24T16:39:34Z,4.5,-73.961522,40.773088,-73.952615,40.783116,1,1,16,1.3453218382932908
2010-04-24T02:16:16Z,41.39,-74.002095,40.739534,-73.911287,40.884966,1,1,2,17.90620545466525
2010-04-17T08:55:51Z,4.1,-73.987428,40.688009,-73.995617,40.682824,1,1,8,0.9005523939517047
2010-04-17T11:52:21Z,7.7,-73.953096,40.771809,-73.979499,40.78369,1,1,11,2.588994960477831
2010-04-22T07:29:25Z,12.9,-74.001296,40.746665,-73.964673,40.769214,1,0,7,3.9796054015924036
2010-04-16T19:27:41Z,4.5,-73.974612,40.783272,-73.980587,40.775062,1,0,19,1.0435267495480136
2010-04-24T00:48:37Z,11.7,-74.005142,40.720668,-73.981585,40.732604,2,1,0,2.390571769843421
2010-04-17T09:30:01Z,5.3,-73.949075,40.823197,-73.951866,40.80951,1,1,9,1.541666758571345
2010-04-14T22:47:26Z,8.9,-73.987248,40.761195,-73.976257,40.794991,1,0,22,3.8745578458165384
2010-04-15T15:58:40Z,4.5,-73.95053,40.777388,-73.954057,40.784813,1,0,15,0.8783888382838768
2010-04-11T15:09:33Z,9.7,-73.987588,40.749903,-73.956179,40.775876,1,1,15,3.9208309554285306
2010-04-22T18:12:48Z,7.3,-73.971725,40.752805,-73.958655,40.774468,1,0,18,2.651373614735821
2010-04-21T12:46:29Z,6.1,-73.986025,40.740377,-73.971904,40.76037,1,0,12,2.5241725181197814
2010-04-19T17:46:55Z,7.7,-73.987723,40.765305,-73.996066,40.745221,2,0,17,2.3438179089367925
2010-04-22T11:49:24Z,8.9,-73.981957,40.779453,-73.996597,40.756027,1,0,11,2.885122461881991
2010-04-15T15:24:00Z,5.7,-73.960775,40.774843,-73.946913,40.785025,1,0,15,1.6279024921681302
2010-04-19T14:04:50Z,4.1,-73.962683,40.7669,-73.966686,40.770164,1,0,14,0.4959008314737372
2010-04-17T11:19:28Z,11.7,-73.993548,40.752304,-73.995743,40.720914,1,1,11,3.49922031694611
2010-04-20T16:35:32Z,7.3,-73.977223,40.750185,-74.001658,40.740381,1,0,16,2.3319450298466537
2010-04-15T10:27:24Z,6.9,-73.95959,40.777042,-73.973473,40.75689,1,0,10,2.530308723811633
2010-04-17T02:15:03Z,8.5,-73.987772,40.764629,-73.963007,40.79399,1,1,2,3.878229089437935
2010-04-19T21:18:35Z,5.3,-73.980189,40.753625,-73.989333,40.740656,1,0,21,1.6367555373644629
2010-04-21T00:42:40Z,7.7,-73.976003,40.751606,-73.977329,40.726268,1,0,0,2.822829767083049
2010-04-21T18:55:14Z,4.1,-73.980954,40.738246,-73.986988,40.742259,1,0,18,0.6771820077419091
2010-04-25T02:34:36Z,6.9,-73.968496,40.759048,-73.947623,40.747429,1,1,2,2.184293862657295
2010-04-14T15:39:10Z,6.1,-73.954173,40.787284,-73.942579,40.786369,1,0,15,0.9824947383203533
2010-04-19T20:09:39Z,8.9,-73.975804,40.764377,-73.948461,40.771418,1,0,20,2.4348669800291436
2010-04-16T07:40:09Z,6.1,-73.992451,40.75089,-73.977779,40.739091,1,0,7,1.8045369926659913
2010-04-13T18:59:10Z,16.5,-74.005644,40.707349,-73.969913,40.765501,1,0,18,7.140657859631582
2010-04-24T15:23:02Z,4.1,-73.952526,40.772522,-73.944820000000007,40.779015,1,1,15,0.9718165592459969
2010-04-19T12:55:43Z,7.7,-73.994648,40.750488,-73.985381,40.768553,1,0,12,2.157461022446166
2010-04-18T00:19:39Z,10.9,-73.952943,40.776156,-73.984334,40.760775,2,1,0,3.152099002129169
2010-04-13T05:01:34Z,5.3,-73.862713,40.76848,-73.872433,40.774453,2,0,5,1.0552671832171345
2010-04-21T21:13:23Z,11.3,-73.977589,40.742645,-74.012653,40.701562,1,0,21,5.446710923483727
2010-04-15T16:19:10Z,3.7,-73.992363,40.724186,-73.997181,40.724928,1,0,16,0.4147734843761897
2010-04-16T15:07:54Z,4.5,-73.984219,40.754832,-73.993258,40.74743,1,0,15,1.1224960003449167
2010-04-16T19:51:38Z,7.7,-73.985894,40.763513,-73.967423,40.766949,2,0,19,1.6036188369607338
2010-04-17T22:28:17Z,8.9,-73.965289,40.806292,-73.981018,40.774398,1,1,22,3.789835666215891
2010-04-22T13:56:31Z,33.87,-73.992507,40.763796,-73.870889,40.773985,1,0,13,10.31588771819924
2010-04-17T19:45:15Z,8.1,-74.003242,40.744026,-74.009927,40.721322,1,1,19,2.5895419710121343
2010-04-11T17:27:02Z,17.3,-73.979034,40.785336,-73.984338,40.752278,1,1,17,3.7070686717859265
2010-04-21T01:19:04Z,8.1,-73.917548,40.739667,-73.891562,40.747453,1,0,1,2.356817253726174
2010-04-17T14:52:31Z,10.9,-73.981103,40.779321,-73.943453,40.77787,1,1,14,3.177832173211472
2010-04-14T16:33:59Z,4.1,-73.95078,40.77493,-73.949586,40.772773,1,0,16,0.2603601120803149
2010-04-16T22:19:24Z,3.7,-73.975881,40.745064,-73.976983,40.747562,1,0,22,0.29319604362034934
2010-04-20T21:28:50Z,6.9,-73.982933,40.741768,-74.004752,40.74627,1,0,21,1.907222426319026
2010-04-18T00:34:12Z,12.5,-74.004185,40.707439,-73.968477,40.675749,1,1,0,4.639906657681518
2010-04-15T08:39:12Z,6.5,-73.965791,40.791008,-73.980741,40.774706,1,0,8,2.209341541693921
2010-04-18T23:11:28Z,7.7,-73.987474,40.728869,-74.008399,40.705754,1,1,23,3.120596588157121
2010-04-23T14:06:49Z,2.9,-74.006496,40.744534,-74.001258000000007,40.742626,1,0,14,0.4901790883843095
2010-04-13T08:29:44Z,31.87,-73.863566,40.769983,-73.973909,40.75193,1,0,8,9.51845325228714
2010-04-13T14:12:26Z,49.57,-73.79004,40.644276,-73.996436,40.732913,2,0,14,20.02191157885804
2010-04-23T20:40:36Z,5.7,-73.999575,40.717893,-73.990191,40.732633,2,0,20,1.8218445091992002
2010-04-23T19:09:22Z,4.9,-73.961358,40.774792,-73.951095,40.774423,2,0,19,0.8661509388445398
2010-04-23T14:17:49Z,8.5,-73.990516,40.751515,-74.006188,40.72332,1,0,14,3.4056651412933814
2010-04-20T10:20:45Z,8.1,-73.982031,40.755572,-74.000677,40.758159,1,0,10,1.5984436847717285
2010-04-16T08:27:00Z,3.7,-73.98567,40.745497,-73.980767,40.751158,1,0,8,0.7537237533119915
2010-04-19T20:02:47Z,15.7,-74.004801,40.707614,-73.95207,40.773106,1,0,20,8.540054984181452
2010-04-24T13:34:44Z,4.1,-73.94613,40.780212,-73.95183,40.777,1,1,13,0.5989264165535603
2010-04-16T18:30:22Z,6.9,-73.975059,40.729371,-73.988707,40.74033,1,0,18,1.6773760881274526
2010-04-19T16:44:06Z,6.9,-73.970477,40.764496,-73.962043,40.761662,1,0,16,0.7779527397332123
2010-04-22T19:56:34Z,9.7,-73.982474,40.773286,-74.003574,40.748445,1,0,19,3.288167240564629
2010-04-20T10:57:47Z,3.7,-73.969823,40.765325,-73.972115,40.759658,1,0,10,0.6597840497781939
2010-04-20T07:45:13Z,11.3,-73.928638,40.763223000000004,-73.937592,40.726223,1,0,7,4.1874770403799
2010-04-18T10:42:04Z,10.5,-73.977938,40.753837,-73.978422,40.777994,1,1,10,2.6894545353860786
2010-04-12T12:27:05Z,3.7,-73.985933,40.755082,-73.977748,40.761443,1,0,12,0.9888095409762914
2010-04-14T00:34:00Z,12.1,-74.000877,40.71853,-73.963545,40.67561,1,0,0,5.723205490191443
2010-04-12T16:28:24Z,7.3,-73.982177,40.771821,-73.994709,40.750397,1,0,16,2.6085127830807098
2010-04-15T20:34:46Z,6.9,-73.987367,40.739128,-74.002042,40.750803,1,0,20,1.7946895880216323
2010-04-21T08:13:20Z,7.3,-73.961478,40.77757,-73.979139,40.755732,1,0,8,2.8507696389332913
2010-04-22T21:15:50Z,6.1,-73.983509,40.755791,-73.988401,40.765676,1,0,21,1.1751631492418861
2010-04-11T19:51:57Z,5.7,-73.988098,40.723941,-73.972252,40.745481,1,1,19,2.7452001968608237
2010-04-15T10:38:27Z,6.1,-73.964112,40.773775,-73.980608,40.760788,1,0,10,2.0060711149099344
2010-04-12T19:49:28Z,4.9,-73.976652,40.74788,-73.965089,40.758447,1,0,19,1.5279059375970836
2010-04-11T08:45:28Z,22.5,-73.776699,40.645183,-73.894927,40.634251,3,1,8,10.060762380156499
2010-04-22T11:32:57Z,4.9,-73.957351,40.780185,-73.966825,40.766773,1,0,11,1.6932171828742495
2010-04-16T21:57:34Z,5.7,-73.993739,40.748743,-73.978693,40.741974,1,0,21,1.475809555150138
2010-04-18T17:18:24Z,6.5,-73.991596,40.750197,-73.983684,40.758006,1,1,17,1.0958177614212348
2010-04-17T02:02:50Z,3.3,-73.979729,40.723033,-73.977798,40.725504,1,1,2,0.3196914868877383
2010-04-17T21:31:47Z,6.1,-73.970949,40.755357,-73.986757,40.762064,1,1,21,1.527800556941599
2010-04-25T02:17:48Z,4.1,-74.001963,40.719603,-74.007854,40.715015,1,1,2,0.7126712249032962
2010-04-18T11:57:38Z,5.7,-73.994747,40.74003,-73.977925,40.734091,1,1,11,1.5653685499364456
2010-04-11T09:27:26Z,6.5,-73.980438,40.734128,-73.97015,40.756363,1,1,9,2.6228621912229273
2010-04-23T14:06:30Z,8.9,-73.965711,40.805307,-73.939185,40.805098,2,0,14,2.235246906383745
2010-04-24T01:41:50Z,14.1,-73.987201,40.720494,-73.971092,40.758576,1,1,1,4.451685482893833
2010-04-24T12:50:55Z,6.1,-74.008131,40.748736,-73.997977,40.745147,3,1,12,0.9449580514844772
2010-04-21T03:53:00Z,10.1,-74.006908,40.744277,-74.004853,40.71096,1,0,3,3.7128809051986824
2010-04-14T10:00:29Z,6.5,-74.003164,40.74944,-74.005455,40.749889,1,0,10,0.1995655816946588
2010-04-24T14:51:00Z,3.7,-73.99605,40.753545,-74.00362,40.74577,1,1,14,1.0754783085352475
2010-04-16T01:31:09Z,14.5,-73.998554,40.740237,-73.940267,40.709914,1,0,1,5.964392799274578
2010-04-22T19:38:12Z,5.7,-74.010313,40.714411,-74.011225,40.729145,1,0,19,1.6419851414158535
2010-04-15T11:27:51Z,7.3,-73.990234,40.732631,-74.003419,40.727229,1,0,11,1.2644044202819495
2010-04-23T21:28:42Z,20.9,-74.000363,40.742748,-73.940339,40.835103,2,0,21,11.458195563216437
2010-04-22T22:36:14Z,28.1,-73.982187,40.768825,-73.960869,40.672597,2,0,22,10.861994742867328
2010-04-20T11:43:11Z,3.3,-73.982982,40.750472,-73.988438,40.743654,1,0,11,0.8875633029781674
2010-04-17T20:38:06Z,10.9,-73.978886,40.777237,-73.995323,40.737761,2,1,20,4.607839371565183
2010-04-23T18:46:24Z,10.9,-73.946664,40.780567,-73.964377,40.807327,2,0,18,3.3320107984115506
2010-04-13T01:09:21Z,10.1,-73.988407,40.731284,-73.982928,40.766942,1,0,1,3.9962328473017448
2010-04-17T15:00:33Z,4.9,-74.000852,40.73624,-73.991526,40.744647,1,1,15,1.2225239158930317
2010-04-21T14:34:47Z,6.9,-73.959988,40.77371,-73.981163,40.771017,1,0,14,1.8101209850223727
2010-04-19T15:27:02Z,4.9,-73.990845,40.731329,-73.976914,40.725545,1,0,15,1.3400303429237501
2010-04-18T21:32:29Z,3.3,-73.978095,40.77814,-73.983676,40.77951,1,1,21,0.49455345672441736
2010-04-21T12:40:00Z,7.3,-73.976815,40.755717,-73.97176,40.746217,5,0,12,1.1402212306064776
2010-04-15T11:31:20Z,5.3,-73.965236,40.769768,-73.971780999999993,40.760232,1,0,11,1.196405283809514
2010-04-11T19:15:55Z,14.5,-74.006853,40.748819,-73.949187,40.777291,1,1,19,5.8039523765568415
2010-04-11T16:38:52Z,8.1,-73.971593,40.787318,-73.944893,40.780266,1,1,16,2.3835001845180326
2010-04-19T21:35:04Z,5.7,-73.993141,40.752588,-74.005583,40.739389,1,0,21,1.8055276670861296
2010-04-22T19:28:09Z,9.7,-73.982037,40.740387,-73.990328,40.747598000000004,1,0,19,1.064579023165095
2010-04-22T17:37:12Z,6.9,-73.981546,40.746984,-73.968377,40.764955,1,0,17,2.28806101882938
2010-04-21T11:41:55Z,5.7,-73.976945,40.743418,-73.98451,40.736167,1,0,11,1.0289149535833706
2010-04-18T03:04:18Z,3.3,-73.998698,40.73994,-74.004516,40.741587,1,1,3,0.5238428071530539
2010-04-19T11:21:28Z,15.7,-74.003162,40.738961,-73.962882,40.804172,1,0,11,8.014244265722438
2010-04-22T18:15:12Z,4.1,-73.99755,40.746385,-74.004921,40.746396,1,0,18,0.6216442637157994
2010-04-20T23:01:37Z,8.1,-73.974554,40.783375,-73.985932,40.758708,2,0,23,2.9086377562671433
2010-04-14T00:06:00Z,26.5,-73.989922000000007,40.729507,-73.924802,40.865987,2,0,0,16.15360488248485
2010-04-24T15:47:30Z,6.9,-73.980836,40.767766,-73.967466,40.769107,1,1,15,1.1370446341554603
2010-04-18T10:45:00Z,4.1,-73.969963,40.768475,-73.977303,40.75908,5,1,10,1.2152329857158537
2010-04-11T10:53:29Z,4.1,-73.955952,40.781504,-73.961869,40.780107,1,1,10,0.5224420025270962
2010-04-14T17:07:00Z,7.7,-73.956968,40.77505,-73.973558,40.75459,1,0,17,2.6728175666802354
2010-04-14T13:57:49Z,8.5,-73.957266,40.782701,-73.977349,40.758459,1,0,13,3.1857655775765807
2010-04-16T09:45:04Z,11.7,-73.999744,40.739375,-73.989113,40.721305,1,0,9,2.202396145855874
2010-04-22T08:52:45Z,12.9,-73.989624,40.720296,-73.970956,40.751595,1,0,8,3.823487297628463
2010-04-17T16:07:33Z,14.1,-73.996822,40.739774,-73.979392,40.785313,1,1,16,5.278105123674572
2010-04-17T02:48:48Z,12.9,-73.998511,40.724591,-73.966818,40.674765,2,1,2,6.157848677788322
2010-04-17T12:11:03Z,4.1,-73.967899,40.765831,-73.970885,40.758981,1,1,12,0.8030267200332966
2010-04-16T09:20:33Z,23.3,-73.976521,40.75172,-73.941854,40.841976,1,0,9,10.463376200765799
2010-04-22T09:43:45Z,7.7,-73.996506,40.737974,-73.978755,40.762057,1,0,9,3.0705358703435395
2010-04-18T20:36:37Z,5.3,-73.968819,40.798748,-73.951961,40.798029,1,1,20,1.4228824736806562
2010-04-20T07:53:45Z,6.1,-74.002773,40.760599,-73.990286,40.751787,1,0,7,1.4390853281509393
2010-04-11T14:56:22Z,6.1,-73.994199,40.740865,-73.994953,40.725978,2,1,14,1.6584332968713535
2010-04-21T09:19:47Z,3.7,-74.006937,40.719303,-74.002177,40.716493,1,0,9,0.5090595094334985
2010-04-18T18:05:57Z,27.47,-73.874531,40.774064,-73.98194,40.762617,2,1,18,9.144706755101131
2010-04-22T13:14:18Z,33.87,-73.983742,40.763599,-73.872619,40.774523,1,0,13,9.44710304221275
2010-04-21T20:16:57Z,4.9,-73.993394,40.737049,-74.005206,40.741382,1,0,20,1.1069096822717646
2010-04-13T07:50:21Z,6.5,-73.993834,40.750085,-73.980874,40.756116,1,0,7,1.2826301283498998
2010-04-22T20:41:14Z,13.3,-73.975354,40.749747,-73.912623,40.746003,1,0,20,5.306775568568519
2010-04-18T03:54:09Z,7.7,-74.00598,40.735778,-73.999323,40.76109,1,1,3,2.87310300666478
2010-04-15T08:34:34Z,13.7,-73.981156,40.753287,-73.999141,40.728211,1,0,8,3.176982523242194
2010-04-19T13:37:48Z,5.7,-74.005488,40.750947,-73.999044,40.739427,1,0,13,1.3928080114550374
2010-04-15T17:38:31Z,10.5,-73.982037,40.776568,-73.991109,40.742235,1,0,17,3.8977316987290282
2010-04-12T10:05:42Z,6.5,-73.996197,40.744286,-73.992992,40.762929,1,0,10,2.092853715424494
2010-04-15T18:16:12Z,19.07,-73.990012,40.751642,-73.936459,40.736228,2,0,18,4.831582053593692
2010-04-23T10:12:56Z,7.7,-73.971401,40.797619,-73.990407,40.770667,1,0,10,3.4011845503203744
2010-04-19T18:33:34Z,4.1,-73.967255,40.80326,-73.9705,40.795905,1,0,18,0.8632124355084319
2010-04-16T08:01:42Z,28.67,-73.863182,40.769666,-73.991601,40.738536,1,0,8,11.370086792102452
2010-04-16T00:47:29Z,5.7,-73.985232,40.738724,-73.977824,40.751916,1,0,0,1.5959049873129665
2010-04-23T20:27:00Z,12.9,-73.985832,40.762102,-73.95815,40.781807,1,0,20,3.2027834733618246
2010-04-12T08:48:03Z,14.5,-73.969115,40.790804,-73.993205,40.749527,1,0,8,5.023755862650351
2010-04-14T14:43:20Z,19.9,-73.954234,40.767145,-73.959521,40.757718,1,0,14,1.140165540676171
2010-04-23T12:20:24Z,3.3,-73.977338,40.77934,-73.981999,40.7797,1,0,12,0.39493424560121543
2010-04-22T23:01:10Z,11.7,-73.937784,40.804601,-73.983076,40.784194,1,0,23,4.441858978122391
2010-04-24T10:07:10Z,6.9,-73.97983,40.786112,-73.958585,40.781001,2,1,10,1.8789356978395881
2010-04-23T05:10:04Z,8.1,-73.991234,40.744995,-73.996204,40.722122,1,0,5,2.5804931305036423
2010-04-14T19:24:52Z,5.3,-73.980314,40.784177,-73.964104,40.77716,1,0,19,1.5739045731183412
2010-04-11T10:50:37Z,7.3,-73.990658,40.75599,-73.974713,40.751302,1,1,10,1.4423183643672828
2010-04-20T14:53:19Z,8.9,-73.994047,40.746576,-73.979905,40.726987,1,0,14,2.4855757537240644
2010-04-15T12:25:08Z,14.1,-73.977808,40.751692,-73.996681,40.720936,1,0,12,3.775741266997609
2010-04-25T03:33:31Z,5.3,-73.991853,40.72179,-73.978972,40.724277,4,1,3,1.12142858181237
2010-04-19T20:40:36Z,5.3,-73.982386,40.774277,-73.968651,40.760882,1,0,20,1.8879602724764304
2010-04-13T18:28:00Z,10.5,-73.953803,40.787208,-73.980162000000007,40.77566,2,0,18,2.566937830947038
2010-04-20T20:33:07Z,5.3,-73.958669,40.774931,-73.971444,40.783662,1,0,20,1.450614827811632
2010-04-24T19:31:48Z,49.57,-73.976568,40.780589,-73.776298,40.64564,1,1,19,22.6104477172363
2010-04-19T14:15:51Z,12.67,-73.870722,40.773725,-73.956623,40.776483,1,0,14,7.247951113378175
2010-04-21T10:31:28Z,5.7,-73.97603,40.752056,-73.978647,40.737173,2,0,10,1.6714050494386723
2010-04-18T22:12:02Z,5.3,-73.956395,40.775318,-73.955184,40.765121,1,1,22,1.139706867877752
2010-04-13T20:56:40Z,5.3,-73.999356,40.734036,-73.987135,40.736564,2,0,20,1.0685684164087155
2010-04-19T20:30:09Z,6.5,-74.006525,40.739697,-73.985198,40.737012,1,0,20,1.8235206414051393
2010-04-18T03:31:59Z,10.9,-74.002593,40.749939,-73.997466,40.71938,2,1,3,3.4291917612927407
2010-04-19T23:28:40Z,20.5,-73.874751,40.774154,-73.980588,40.73532,1,0,23,9.916647848947042
2010-04-16T18:00:35Z,4.9,-73.972037,40.763187,-73.960236,40.762965,1,0,18,0.9953100834530056
2010-04-15T06:02:36Z,8.5,-73.988052,40.732091,-73.960443,40.769767,1,0,6,4.796993763230045
2010-04-21T08:18:22Z,8.1,-73.99429,40.728437,-73.974554,40.751709,1,0,8,3.0793356894658044
2010-04-20T06:34:24Z,3.3,-73.973319,40.740459,-73.980805,40.737804,1,0,6,0.6971593229258591
2010-04-19T05:41:00Z,4.5,-73.989912,40.756357,-73.979745,40.761265,1,0,5,1.016585655958437
2010-04-12T14:40:00Z,4.9,-73.933418,40.75987,-73.937283,40.760315,1,0,14,0.32963616879139246
2010-04-19T09:47:00Z,8.1,-73.961105,40.760613,-73.973643,40.743985,1,0,9,2.131710965633896
2010-04-16T13:49:03Z,5.3,-73.988794,40.748307,-73.978312,40.757611,2,0,13,1.3616291744708129
2010-04-14T06:49:10Z,30.67,-73.865765,40.770934,-73.974764,40.77803,1,0,6,9.22258157866466
2010-04-17T19:28:17Z,20.9,-73.978741,40.788181,-73.991981,40.724122,2,1,19,7.2178831179360214
2010-04-17T20:22:39Z,4.5,-73.998649,40.742942,-74.003132,40.733358,1,1,20,1.1319123003812563
2010-04-21T17:45:00Z,4.9,-73.983725,40.756388,-73.974847,40.757622,5,0,17,0.7611172840022848
2010-04-23T06:49:25Z,5.3,-73.987367,40.76281,-73.971637,40.761823,1,0,6,1.330835885228229
2010-04-11T22:12:08Z,14.9,-73.967127,40.772203,-73.985093,40.768706,2,1,22,1.5638639952089546
2010-04-15T12:55:55Z,20.1,-73.977346,40.760298,-74.005986,40.706933,1,0,12,6.413007743350312
2010-04-15T07:14:00Z,7.7,-73.968648,40.786523,-73.969752,40.762867,2,0,7,2.6350179413492074
2010-04-12T10:13:17Z,10.1,-73.98788,40.731892,-73.978718,40.761398,1,0,10,3.3742547045636333
2010-04-21T11:11:11Z,7.7,-73.983191,40.762691,-73.974648,40.763422,1,0,11,0.7248866108575606
2010-04-17T17:45:04Z,10.5,-73.979201,40.737161,-73.999189,40.760809,3,1,17,3.1259206432565088
2010-04-13T10:38:41Z,16.1,-73.948837,40.773371,-74.011334,40.702271,1,0,10,9.509597487256654
2010-04-24T08:12:39Z,17.7,-73.979109,40.762377,-74.014322,40.704225,1,1,8,7.122384676242382
2010-04-12T17:47:37Z,7.3,-73.976666,40.753752,-73.991701,40.749005,1,0,17,1.3736143664240708
2010-04-20T07:55:58Z,8.1,-73.99895,40.754791,-73.974409,40.755114,1,0,7,2.069743623849669
2010-04-13T16:13:28Z,15.7,-73.985997,40.751563,-73.983637,40.729763,1,0,16,2.434914602924246
2010-04-22T21:35:15Z,15.7,-73.99143,40.735123,-73.972717,40.790782,1,0,21,6.3936684598143305
2010-04-12T15:48:51Z,4.1,-73.96548,40.754977,-73.957946,40.765333,1,0,15,1.316266627697301
2010-04-22T20:21:26Z,7.3,-73.983896,40.780726,-73.987622,40.760346,1,0,20,2.2903347218643204
2010-04-15T20:51:14Z,7.3,-73.986673,40.755892,-73.961236,40.758678,2,0,20,2.1672171892179475
2010-04-22T09:11:56Z,2.9,-73.973183,40.764502,-73.96834,40.766464,1,0,9,0.4630664513512542
2010-04-14T11:20:56Z,4.9,-73.971965,40.782039,-73.960089,40.777173,1,0,11,1.1382331330124196
2010-04-25T02:18:20Z,6.9,-73.98331,40.67719,-73.984061,40.65934,2,1,2,1.9880644394274
2010-04-23T01:03:58Z,8.9,-73.968734,40.770219,-73.985489,40.735786,2,0,1,4.085181441501249
2010-04-23T23:51:19Z,6.5,-73.981262,40.773441,-73.957627,40.775406,1,0,23,2.0044200668840304
2010-04-11T13:39:29Z,6.5,-73.988632,40.733693,-73.974937,40.72042,1,1,13,1.8756074464965604
2010-04-25T01:39:34Z,4.9,-73.993892,40.720712,-73.985427,40.724506,1,1,1,0.8297011246479453
2010-04-21T17:15:38Z,12.9,-73.830506,40.759401,-73.793131,40.728936,1,0,17,4.630059679455943
2010-04-13T01:30:00Z,12.5,-73.983678,40.755925,-73.954612,40.734493,1,0,1,3.4207045574267294
2010-04-13T08:09:16Z,9.7,-74.008501,40.710679,-74.007934,40.746374,1,0,8,3.973837099128365
2010-04-11T16:47:43Z,6.5,-73.989092,40.732286,-74.008179,40.73766,1,1,16,1.7175541981105822
2010-04-18T11:47:07Z,5.7,-73.992272,40.759049,-74.006075,40.743751,1,1,11,2.062765886184225
2010-04-20T11:07:53Z,8.9,-73.972745,40.761721,-73.971488,40.782202,1,0,11,2.282395873024839
2010-04-22T16:32:51Z,10.5,-73.971626,40.754541,-73.975818,40.781615,1,0,16,3.0345152938300615
2010-04-14T14:04:19Z,3.7,-73.948298,40.782793,-73.953669,40.775313,1,0,14,0.9477972386493374
2010-04-18T08:24:08Z,6.5,-73.961139,40.768907,-73.954495,40.788197,1,1,8,2.21918710850613
2010-04-23T16:30:06Z,8.5,-74.005052,40.735219,-73.978004,40.745857,1,0,16,2.570376294365874
2010-04-21T15:03:35Z,4.1,-73.954204,40.765488,-73.960218,40.769257,1,0,15,0.6581195901066873
2010-04-15T18:47:40Z,8.5,-73.956097,40.767547,-73.97321,40.756789,2,0,18,1.8751429669487063
2010-04-21T07:23:41Z,5.3,-73.959703,40.76771,-73.947949,40.779222,1,0,7,1.6199141482950292
2010-04-17T14:44:06Z,7.3,-73.954671,40.77381,-73.966706,40.753013,2,1,14,2.5277289444739073
2010-04-13T23:30:00Z,6.5,-73.991533,40.72699,-73.992698,40.743362,5,0,23,1.8251700412270568
2010-04-12T13:38:18Z,4.1,-73.999019,40.745589,-73.992668,40.742882,1,0,13,0.6145846567401121
2010-04-11T10:38:45Z,10.1,-74.009242,40.715651,-73.986226,40.761953,1,1,10,5.5077793552641845
2010-04-24T10:04:08Z,4.1,-73.94762,40.776127,-73.981047,40.767652,1,1,10,2.9717593278424164
2010-04-23T15:00:50Z,5.3,-73.991453,40.7239,-73.995517,40.722085,1,0,15,0.39796662438022534
2010-04-15T23:00:20Z,10.1,-73.987551,40.760205,-73.987704,40.738385,2,0,23,2.4290255591985708
2010-04-16T09:26:35Z,5.3,-74.010994,40.713362,-74.001714,40.718162,1,0,9,0.9479470470326241
2010-04-17T16:20:07Z,6.5,-73.952358,40.772272,-73.963813,40.773938,1,1,16,0.9833316827179082
2010-04-17T22:53:46Z,14.9,-74.006814,40.735596,-73.970715,40.785014,4,1,22,6.287121109631369
2010-04-11T11:40:13Z,4.5,-74.003082,40.749016,-73.993128,40.74871,1,1,11,0.8401434203015706
2010-04-20T16:03:29Z,9.7,-73.990548,40.745743,-74.002784,40.723661,1,0,16,2.6660474062113333
2010-04-12T18:19:07Z,11.7,-73.987074,40.754442,-73.951635,40.777746,2,0,18,3.9569458613839075
2010-04-18T12:00:39Z,4.5,-73.965101,40.763382,-73.963376,40.75431,1,1,12,1.0203113302840938
2010-04-17T01:06:30Z,5.3,-73.985577,40.74406,-73.996411,40.746258,1,1,1,0.9459104497050962
2010-04-22T02:16:38Z,13.3,-73.999653,40.729457,-73.977323,40.680632,4,0,2,5.752571808636526
2010-04-22T21:12:55Z,7.7,-73.990451,40.766421,-73.96803,40.797355,1,0,21,3.928076992326778
2010-04-18T11:59:05Z,12.5,-73.960205,40.770339,-74.000115,40.761182,1,1,11,3.5158941635402394
2010-04-16T21:52:55Z,10.9,-73.969754,40.756171,-74.005159,40.73998,1,0,21,3.487673036304333
2010-04-21T13:49:01Z,8.9,-73.961178,40.801659,-73.966174,40.77361,1,0,13,3.1506658041908184
2010-04-24T00:16:26Z,4.9,-73.970403,40.765186,-73.975856,40.75252,1,1,0,1.48305049750915
2010-04-13T19:03:33Z,49,-73.776774,40.645298,-73.974693,40.748962,1,0,19,20.302580146953765
2010-04-24T20:42:49Z,4.9,-73.961297,40.761821,-73.964027,40.757072,2,1,20,0.5765988582098414
2010-04-24T01:54:56Z,7.7,-73.982824,40.745238,-74.000072,40.761341,3,1,1,2.3084308452134215
2010-04-12T19:22:14Z,4.9,-73.989354,40.756458,-73.98625,40.766472,1,0,19,1.145064529257497
2010-04-20T00:14:31Z,5.3,-74.006697,40.731024,-73.994639,40.750468,1,0,0,2.391518469580972
2010-04-18T19:58:41Z,7.3,-73.98634,40.757148,-74.003173,40.731598,1,1,19,3.1788407650467057
2010-04-23T08:29:12Z,5.7,-73.991148,40.755839,-73.975714,40.76537,1,0,8,1.6790627359115653
2010-04-23T08:42:10Z,29.07,-73.971105,40.757249,-73.870458,40.773728,1,0,8,8.681777657255893
2010-04-18T23:34:20Z,22.1,-74.003147,40.722047,-73.91022,40.768736,1,1,23,9.40400064165482
2010-04-15T11:46:28Z,12.9,-73.962814,40.794396,-73.980298,40.754206,1,0,11,4.710465430522691
2010-04-20T11:47:35Z,14.9,-73.966415,40.80482,-73.968569,40.762494,1,0,11,4.715205513255635
2010-04-14T06:47:47Z,5.7,-73.981335,40.737388,-73.995647,40.725274,1,0,6,1.8099940562741692
2010-04-18T20:38:04Z,9.7,-73.988878,40.734729,-73.98624,40.76641,1,1,20,3.5337223815252945
2010-04-16T12:38:15Z,4.5,-73.993727,40.744248,-73.989298,40.751354,1,0,12,0.874787903296259
2010-04-12T10:18:14Z,8.9,-73.966015,40.755752,-73.974515,40.762048,1,0,10,1.0024512120644242
2010-04-19T12:47:12Z,5.3,-73.965322,40.774853,-73.965108,40.763698,1,0,12,1.2418999779931659
2010-04-15T10:39:14Z,7.7,-73.997465,40.722417,-74.0082,40.707109,2,0,10,1.929850623673076
2010-04-19T09:07:00Z,7.3,-73.996058,40.733063,-73.985105,40.754168,1,0,9,2.524485935036034
2010-04-15T19:02:24Z,7.7,-73.961127,40.761027,-73.953566,40.78698,1,0,19,2.9585527405424146
2010-04-16T18:52:18Z,7.3,-73.972994,40.752674,-73.957435,40.771784,1,0,18,2.4992980135180027
2010-04-12T11:43:52Z,4.9,-73.965694,40.762699,-73.953452,40.772672,1,0,11,1.5158432781644444
2010-04-17T09:30:50Z,9.7,-73.988918,40.777111,-73.999228,40.745717,1,1,9,3.601260575849361
2010-04-20T18:40:41Z,8.9,-73.973814,40.763028,-73.95704,40.745725,1,0,18,2.389743081812163
2010-04-23T14:27:00Z,25.87,-73.976432,40.749475,-73.861882,40.76839,5,0,14,9.885747091342179
2010-04-23T20:13:49Z,3.3,-73.979572,40.734951,-73.979349,40.739718,1,0,20,0.5309932660457689
2010-04-22T18:53:21Z,7.3,-73.989332,40.760443,-73.965832,40.762927,1,0,18,2.0006492202854123
2010-04-19T16:34:42Z,8.1,-74.003201,40.743945,-73.979949,40.732379,1,0,16,2.346089799982263
2010-04-21T09:40:21Z,5.7,-73.981629,40.783472,-73.987194,40.77032,1,0,9,1.5373947482424577
2010-04-22T22:14:06Z,6.1,-73.982397,40.773476,-73.966568,40.763951,1,0,22,1.704463406041471
2010-04-22T12:12:41Z,10.9,-73.983338,40.765946,-73.988799,40.740127,1,0,12,2.9108173337689385
2010-04-24T17:30:02Z,3.7,-74.005958,40.706391000000004,-74.011733,40.707818,1,1,17,0.5125667376239326
2010-04-17T10:49:34Z,4.5,-73.976659,40.747957,-73.960835,40.76394,1,1,10,2.2239832480448642
2010-04-20T22:31:43Z,8.1,-73.966757,40.758201,-73.990275,40.756577,1,0,22,1.9913168629280837
2010-04-15T18:41:37Z,4.9,-73.989801,40.756508,-73.981509,40.766127,1,0,18,1.278827173135322
2010-04-15T22:05:06Z,11.7,-74.008047,40.745535,-74.013732,40.706933,1,0,22,4.323835623001999
2010-04-17T19:37:13Z,7.3,-74.002648,40.734293,-73.999928,40.714153,1,1,19,2.253687403502004
2010-04-15T15:55:54Z,6.9,-73.977925,40.737883,-73.968831,40.758949,1,0,15,2.467280468716514
2010-04-24T15:33:32Z,8.1,-73.988248,40.764895,-74.007604,40.751621,3,1,15,2.2016557743402885
2010-04-24T02:36:53Z,10.5,-73.98266,40.739499,-73.991888,40.770621,1,1,2,3.5508001187963987
2010-04-20T06:40:35Z,6.5,-73.997667,40.736012,-73.982061,40.761206,1,0,6,3.0980363904508557
2010-04-20T12:47:51Z,8.5,-74.004559,40.730713,-74.008576,40.712132,1,0,12,2.0960080023948993
2010-04-23T03:01:10Z,7.7,-73.979872,40.735002,-73.954237,40.768734,1,0,3,4.332845633603975
2010-04-15T00:08:48Z,6.5,-73.979751,40.776331,-73.965288,40.759513,1,0,0,2.234248616885053
2010-04-14T15:18:11Z,10.9,-73.982917,40.730963,-73.991944,40.754319,1,0,15,2.7091575939887056
2010-04-12T01:23:37Z,18.1,-73.993919,40.746393,-73.952003,40.678534,1,0,1,8.341020393545092
2010-04-15T22:07:23Z,10.9,-73.992152,40.730539,-73.997647,40.687918,1,0,22,4.767152343477642
2010-04-16T20:29:41Z,14.1,-73.993444,40.742093,-73.959147,40.799223,1,0,20,6.986122720761155
2010-04-11T09:40:00Z,7.3,-73.954228,40.766245,-73.953028,40.785885,5,1,9,2.188653793228266
2010-04-14T14:13:20Z,4.1,-73.975567,40.754959,-73.969545,40.760886,1,0,14,0.8325680458703864
2010-04-17T23:52:54Z,21.3,-73.98134,40.75939,-73.860773,40.756583,1,1,23,10.171204747980601
2010-04-17T12:23:01Z,6.1,-73.972893,40.756065,-73.981989,40.762648,1,1,12,1.0607865718317724
2010-04-22T14:18:17Z,7.7,-73.98293,40.7503,-73.985661,40.759956,1,0,14,1.0992937200859612
2010-04-19T07:28:09Z,6.5,-73.992223,40.749464,-73.983742,40.760209,1,0,7,1.3936225302375025
2010-04-13T20:28:11Z,6.1,-74.008426,40.746416,-74.003363,40.730117,1,0,20,1.8639751446819643
2010-04-24T21:37:00Z,4.9,-74.0102,40.72047,-74.016463,40.708907,1,1,21,1.3914419131938407
2010-04-24T23:01:08Z,4.1,-73.976711,40.785421,-73.96603,40.792115,1,1,23,1.168623991062738
2010-04-19T08:02:41Z,18.1,-74.013882,40.714345,-73.982177,40.758444,1,0,8,5.590245832417815
2010-04-18T23:49:21Z,6.1,-73.962356,40.77601,-73.979305,40.786911,1,1,23,1.8744714332286334
2010-04-15T17:35:25Z,3.3,-73.961143,40.771797,-73.96671,40.767832,1,0,17,0.6442772244045474
2010-04-15T08:20:58Z,4.1,-73.979163,40.746799,-73.975267,40.755178,1,0,8,0.9889192501517041
2010-04-11T15:11:14Z,8.1,-73.990256,40.733235,-73.992084,40.755083,1,1,15,2.4369898365515588
2010-04-14T09:15:00Z,5.3,-73.961235,40.769305,-73.97004,40.76629,1,0,9,0.8146891251677869
2010-04-13T12:38:08Z,9.7,-73.979822,40.758893,-73.972311,40.786673,1,0,12,3.1566154797171646
2010-04-15T23:12:09Z,9.3,-73.975944,40.695947,-73.959588,40.71233,1,0,23,2.2871880947549474
2010-04-24T13:55:02Z,15.3,-73.971785,40.765423,-73.998131,40.724957,1,1,13,5.022851763100823
2010-04-13T20:51:24Z,4.5,-73.991419,40.735772,-73.984404,40.730363,3,0,20,0.8442219710774347
2010-04-11T14:29:47Z,30.1,-73.97665,40.764777,-73.872291,40.774591,1,1,14,8.865739652992934
2010-04-17T22:09:04Z,10.5,-74.000061,40.733022,-74.014508,40.708226,1,1,22,3.0174162309023798
2010-04-22T14:33:33Z,8.5,-74.000223,40.742938,-73.974752,40.741978,1,0,14,2.1509140075254662
2010-04-18T00:49:04Z,9.3,-73.987343,40.732422,-73.995447,40.721695,1,1,0,1.375981048799999
2010-04-24T00:07:43Z,8.9,-73.975729,40.757024,-73.974526,40.78822,2,1,0,3.474203391759387
2010-04-16T15:43:52Z,3.7,-73.995308,40.739484,-73.990869,40.745808,1,0,15,0.797346858433996
2010-04-21T01:03:13Z,5.3,-73.97832,40.76301,-73.974978,40.753082,1,0,1,1.1405416804144015
2010-04-24T02:42:19Z,5.3,-73.988483,40.731253,-73.999179,40.731594,4,1,2,0.9030624940672975
2010-04-15T15:51:42Z,12.1,-73.997124,40.722373,-73.969212,40.763085,1,0,15,5.1069837283499435
2010-04-13T19:36:29Z,7.3,-74.008834,40.71379,-73.992833,40.733704,1,0,19,2.5954906868022998
2010-04-24T11:08:54Z,11.3,-73.970388,40.762103,-73.964625,40.806814,1,1,11,5.000853127202474
2010-04-22T06:28:31Z,28.5,-74.016246,40.705048,-73.871029,40.774041,1,0,6,14.457107173585793
2010-04-14T21:13:34Z,7.3,-74.013851,40.717678,-74.005275,40.738773,2,0,21,2.457202403816357
2010-04-12T17:08:48Z,6.5,-73.995284,40.735984,-73.990689,40.72459,1,0,17,1.326281260692357
2010-04-15T11:20:38Z,5.7,-73.987896,40.749455,-73.980448,40.759975,1,0,11,1.3288672099345749
2010-04-11T19:47:39Z,49.57,-73.778156,40.646815,-73.980033,40.732423,1,1,19,19.52388798974907
2010-04-21T14:48:27Z,7.3,-73.954224,40.811411,-73.972411,40.792499,1,0,14,2.6040095927010607
2010-04-13T15:08:58Z,49.57,-73.785407,40.648296,-73.991366,40.738924,1,0,15,20.09901608975903
2010-04-24T02:55:54Z,5.3,-73.985773,40.754796,-73.996642,40.762637,3,1,2,1.2656288370881936
2010-04-23T19:00:48Z,20.9,-73.970508,40.752438,-73.938565,40.685971,1,0,19,7.87461748700861
2010-04-22T15:39:19Z,6.5,-73.944506,40.779661,-73.956345,40.765438,1,0,15,1.8716205070063494
2010-04-20T10:09:27Z,5.7,-73.979684,40.783686,-73.963795,40.774482,1,0,10,1.6863158651403958
2010-04-14T14:44:43Z,4.9,-73.974209,40.730464,-73.988677,40.734139,1,0,14,1.287177982438153
2010-04-16T23:34:08Z,7.7,-73.995087,40.725084,-73.978404,40.751335,1,0,23,3.2433965166533962
2010-04-17T17:56:22Z,13.3,-74.00258,40.733828,-73.95467,40.773326,1,1,17,5.971201381617063
2010-04-24T15:33:55Z,6.5,-73.977646,40.75825,-73.96338,40.770802,1,1,15,1.8436807912571824
2010-04-20T19:54:21Z,3.3,-73.990737,40.755937,-73.990089,40.761478,1,0,19,0.6192366460232214
2010-04-23T20:14:38Z,4.9,-73.992632,40.7239,-73.984211,40.722329,1,0,20,0.7316527304104508
2010-04-17T14:46:32Z,12.1,-73.964923,40.769983,-73.963149,40.811014,4,1,14,4.569996443207175
2010-04-18T21:06:00Z,7.3,-73.95272,40.783445,-73.972942,40.788558,5,1,21,1.7969567832443547
2010-04-14T07:33:15Z,6.5,-73.984176,40.742597,-73.981339,40.759323,1,0,7,1.8772376254894814
2010-04-15T22:08:21Z,8.5,-74.004153,40.733323,-74.005087,40.746451,3,0,22,1.4635240197291097
2010-04-22T13:05:33Z,17.7,-74.008621,40.720039,-73.972429,40.764744,1,0,13,5.838114829704557
2010-04-22T12:57:37Z,6.1,-73.97474,40.787546,-73.95579,40.782847,1,0,12,1.6807142749214194
2010-04-13T03:49:00Z,7.3,-74.006548,40.74424,-73.982198,40.739268,2,0,3,2.1270069679213384
2010-04-23T23:23:08Z,6.1,-74.006465,40.722909,-74.016904,40.707704,1,0,23,1.908073338852833
2010-04-16T07:43:16Z,6.9,-73.98978,40.762526,-73.994739,40.741267,1,0,7,2.403205936774961
2010-04-23T15:59:12Z,14.5,-73.977157,40.764605,-74.005856,40.750859,1,0,15,2.8631606754698637
2010-04-12T19:40:58Z,12.9,-73.994217,40.722822,-73.992618,40.765034,1,0,19,4.70095312649649
2010-04-16T23:24:09Z,15.3,-73.987912,40.723053,-73.926699,40.765825,1,0,23,7.023053234764386
2010-04-12T17:34:29Z,4.1,-73.9814,40.759902,-73.989746,40.756237,1,0,17,0.8134573467369445
2010-04-22T14:53:30Z,4.9,-73.953041,40.778395,-73.956478,40.783931,1,0,14,0.6809665340064612
2010-04-15T00:06:55Z,7.3,-73.983744,40.726144,-74.005792,40.724546,1,0,0,1.868522633478345
2010-04-20T15:06:40Z,5.7,-73.994776,40.739978,-74.005571,40.73321,1,0,15,1.1818285879266681
2010-04-11T07:32:14Z,4.9,-73.971451,40.75131,-73.981495,40.747244,1,1,7,0.9603861742903911
2010-04-17T19:18:59Z,4.9,-73.990804,40.756275,-73.987013,40.760859,2,1,19,0.6021438471201276
2010-04-23T05:30:00Z,49.57,-73.980573,40.732333,-73.776535,40.64499,1,0,5,19.77773740917397
2010-04-18T14:12:42Z,21.7,-73.955036,40.789039,-73.991923,40.748674,1,1,14,5.464612557796186
2010-04-16T08:19:12Z,7.3,-73.971218,40.794906,-73.960429,40.779866,1,0,8,1.9052565049046108
2010-04-12T15:31:50Z,6.1,-73.964219,40.770369,-73.946067,40.773012,1,0,15,1.5583172738869158
2010-04-23T07:25:37Z,4.9,-73.975762,40.752444,-73.984909,40.741102,2,0,7,1.4795983477733892
2010-04-14T18:53:08Z,6.1,-74.008732,40.717304,-73.997312,40.725498,1,0,18,1.326770485315075
2010-04-16T22:00:41Z,9.3,-73.991668,40.738471,-74.007633,40.707121,2,0,22,3.740765072468466
2010-04-18T09:20:40Z,9.3,-74.003209,40.717864,-73.991196,40.681612,1,1,9,4.160958348233248
2010-04-17T11:43:47Z,6.1,-73.988848,40.730722,-73.992248,40.74269,1,1,11,1.362788896421396
2010-04-24T23:48:21Z,5.3,-73.982326,40.777615,-73.973637,40.79194,3,1,23,1.7547898640117954
2010-04-12T08:00:59Z,9.3,-73.981617,40.736577,-73.978269,40.763151,1,0,8,2.971647607169598
2010-04-15T18:08:44Z,10.1,-73.980803,40.77385,-73.94983,40.771202,1,0,18,2.6277082657071023
2010-04-15T22:52:49Z,12.1,-73.994404,40.740277,-73.95084,40.775768,2,0,22,5.394709706715386
2010-04-21T00:10:08Z,3.3,-74.007869,40.739393,-74.005973,40.739674,1,0,0,0.16294877971230007
2010-04-14T20:21:32Z,17.87,-73.940288,40.793084,-73.927911,40.765263,1,0,20,3.268032782797724
2010-04-20T10:40:08Z,11.7,-73.998289,40.735297,-73.984468,40.769719,1,0,10,4.005171172649753
2010-04-13T15:36:48Z,12.9,-73.970627,40.764647,-73.998885,40.723262,4,0,15,5.186906259640684
2010-04-12T20:13:18Z,32.5,-73.966718,40.764387,-73.971485,40.764228,2,0,20,0.40231247390553143
2010-04-19T18:13:45Z,5.3,-73.976116,40.778072,-73.981692,40.766198,1,0,18,1.4029069994795478
2010-04-16T23:09:22Z,7.3,-73.988435,40.731227,-74.006732,40.744095,1,0,23,2.105641819174399
2010-04-18T17:49:52Z,9.7,-73.962432,40.76307,-73.990576,40.751186,1,1,17,2.717001025078722
2010-04-25T00:30:59Z,12.1,-73.998725,40.713635,-74.006824,40.739418,2,1,0,2.9503534823897106
2010-04-15T19:39:15Z,23.87,-73.885134,40.772871,-73.952326,40.8004,1,0,19,6.439267264692991
2010-04-20T14:39:04Z,27.3,-74.003026,40.715765,-73.872794,40.774286,1,0,14,12.770144631216612
2010-04-24T17:51:48Z,5.3,-74.000402,40.732444,-74.007226,40.740897,2,1,17,1.1030684776362756
2010-04-18T00:22:48Z,12.9,-73.994436,40.750669,-73.94325,40.777299,2,1,0,5.235755099477885
2010-04-12T13:22:50Z,10.5,-74.000139,40.72193,-73.993639,40.762355,2,0,13,4.5333607970229695
2010-04-15T22:16:23Z,9.7,-73.979455,40.743795,-73.952947,40.77673,1,0,22,4.293899776517156
2010-04-25T00:45:07Z,10.9,-73.91973,40.759446,-73.879497,40.743005,2,1,0,3.855012564499018
2010-04-22T01:23:35Z,12.1,-73.982446,40.762943,-74.009938,40.71122,3,0,1,6.207197284002453
2010-04-15T05:09:38Z,4.1,-73.949951,40.776101,-73.940206,40.786214,1,0,5,1.3935962706829292
2010-04-15T21:50:00Z,5.3,-73.983153,40.741568,-73.99555,40.741668,1,0,21,1.0456517134708434
2010-04-24T23:34:49Z,7.3,-74.008196,40.722193,-73.992601,40.72528,3,1,23,1.3598109896651782
2010-04-20T15:59:34Z,3.7,-73.959177,40.775851,-73.960361,40.773555,1,0,15,0.27438730166554726
2010-04-23T22:42:56Z,6.5,-73.985637,40.669927,-73.962612,40.671936,1,0,22,1.9568669677255652
2010-04-13T16:17:33Z,10.1,-73.959912,40.763322,-73.978686,40.73472,1,0,16,3.555887755309516
2010-04-13T19:10:20Z,20.5,-73.960538,40.81003,-73.992691,40.73435,1,0,19,8.849988876277296
2010-04-24T08:24:14Z,6.5,-73.966445,40.804776,-73.983187,40.7852,2,1,8,2.5960708816305016
2010-04-16T22:36:44Z,3.3,-73.980308,40.742643,-73.97568,40.744677,1,0,22,0.45124384139241924
2010-04-12T17:33:39Z,8.1,-73.974942,40.792906,-73.957756,40.780428,1,0,17,2.006906144015594
2010-04-22T20:04:13Z,25.47,-73.951205,40.770249,-73.862039,40.768657,1,0,20,7.519412782906799
2010-04-23T14:34:18Z,16.9,-73.990533,40.733049,-73.943163,40.777291,1,0,14,6.341253542914544
2010-04-18T14:42:43Z,4.9,-73.948272,40.774329,-73.957319,40.76201,2,1,14,1.5691909138425588
2010-04-13T13:27:07Z,9.7,-73.98878,40.739658,-73.967677,40.764504,1,0,13,3.2888994186657707
2010-04-21T12:37:27Z,6.9,-73.993295,40.729519,-73.978242,40.73747,1,0,12,1.5478038912124756
2010-04-25T03:58:02Z,11.7,-73.987467,40.71994,-73.987345,40.760192,1,1,3,4.480843958644501
2010-04-13T16:07:18Z,8.5,-74.001796,40.740566,-73.978712,40.751404,1,0,16,2.290359976637638
2010-04-19T16:25:41Z,8.5,-73.984666,40.754038,-74.008639,40.740602,2,0,16,2.5148805621533343
2010-04-23T17:06:47Z,7.3,-74.006554,40.731436,-73.991654,40.733481,1,0,17,1.2773242351677883
2010-04-23T20:45:56Z,26.9,-73.983086,40.7625,-73.968549,40.678845,1,0,20,9.392849431154751
2010-04-19T15:17:37Z,8.5,-73.993,40.728053,-73.995495,40.753079,1,0,15,2.793818198009059
2010-04-22T16:14:04Z,6.5,-73.980066,40.755252,-73.969081,40.758674,2,0,16,1.001558662400435
2010-04-21T17:48:29Z,10.5,-73.992117,40.756025,-73.975872,40.795227,1,0,17,4.573772998003541
2010-04-18T04:57:50Z,4.5,-73.964599,40.755864,-73.955752,40.767959,2,1,4,1.5392394921998611
2010-04-18T18:19:18Z,13.7,-73.969544,40.769164,-73.948538,40.723419,3,1,18,5.391668316874723
2010-04-21T12:04:32Z,10.5,-73.954526,40.805686,-73.985235,40.778392,1,0,12,3.9912262192252164
2010-04-15T13:53:16Z,4.9,-73.985237,40.759502,-73.982381,40.771605,1,0,13,1.3686486167563752
2010-04-22T00:03:47Z,7.3,-73.986975,40.748639,-74.005227,40.740606,1,0,0,1.7802351463111383
2010-04-22T20:15:33Z,5.7,-73.988492,40.737225,-73.977931,40.752054,1,0,20,1.8757247033274282
2010-04-15T22:38:03Z,14.5,-73.974185,40.762819,-73.910994,40.77298,1,0,22,5.4463250404179675
2010-04-15T23:28:19Z,11.7,-73.988374,40.718689,-73.990402,40.757578,2,0,23,4.332481801816903
2010-04-13T15:43:11Z,12.5,-73.9743,40.780458,-73.998992,40.747137,1,0,15,4.253585396771646
2010-04-16T03:39:14Z,16.5,-73.989834,40.729551,-73.920397,40.769054,1,0,3,7.323117280220262
2010-04-20T13:01:48Z,6.1,-73.989821,40.74669,-73.978048,40.760627,1,0,13,1.8419135412237606
2010-04-17T07:28:47Z,3.3,-73.951272,40.78603,-73.955075,40.788511,1,1,7,0.42310676665670993
2010-04-15T17:30:58Z,6.5,-73.985204,40.77362,-73.968481,40.793303,1,0,17,2.6053432026002863
2010-04-16T02:17:47Z,10.9,-73.96835,40.75725,-73.969781,40.76,1,0,2,0.329050600618745
2010-04-17T02:52:00Z,6.1,-73.991077,40.736153,-73.97897,40.74267,1,1,2,1.2526322555070861
2010-04-22T22:14:45Z,6.1,-73.965827,40.758582,-73.954486,40.769838,2,0,22,1.5761858046925774
2010-04-14T18:15:37Z,4.1,-73.974912,40.777768,-73.982299,40.773634,1,0,18,0.7743104457761824
2010-04-14T18:04:12Z,15.7,-73.972218,40.747219,-73.960841,40.796924,1,0,18,5.6156481677408
2010-04-13T10:12:18Z,3.7,-74.000172,40.737984,-74.006694,40.730194,1,0,10,1.0269648101224098
2010-04-19T22:56:47Z,11.3,-73.997458,40.75637,-73.955671,40.799547,1,0,22,5.95901045368295
2010-04-15T12:33:37Z,8.9,-73.964854,40.791543,-73.979453,40.765236,1,0,12,3.176549135567741
2010-04-13T13:35:55Z,11.3,-73.99029,40.728968,-73.993877,40.752445,2,0,13,2.6309008734347845
2010-04-19T17:31:14Z,10.9,-73.954314,40.785756,-73.982619,40.768966,2,0,17,3.030922574459433
2010-04-20T07:16:18Z,8.5,-73.975447,40.733116,-73.972368,40.760979,1,0,7,3.1125455297955797
2010-04-14T21:25:34Z,16.9,-73.992238,40.728986,-73.961165,40.79766,3,0,21,8.08122689301025
2010-04-13T00:24:00Z,13.7,-73.998407,40.741667,-73.975355,40.795377,5,0,0,6.286904660008453
2010-04-13T18:58:59Z,4.9,-73.982639,40.723171,-73.977423,40.713558,1,0,18,1.157073082626367
2010-04-21T15:23:08Z,4.9,-73.957803,40.801125,-73.969458,40.800408,3,0,15,0.9853736460451344
2010-04-15T22:29:52Z,7.7,-73.9927,40.758288,-74.006284,40.736922,1,0,22,2.639970248024587
2010-04-11T22:19:30Z,15.7,-73.995159,40.749754,-73.991736,40.68879,1,1,22,6.792623664108422
2010-04-22T19:04:13Z,16.5,-73.992128,40.725265,-73.977844,40.78638,1,0,19,6.909092406452067
2010-04-17T08:47:00Z,5.7,-73.93951,40.807288,-73.936063,40.820532,1,1,8,1.5026459390906313
2010-04-15T21:07:10Z,3.7,-73.980417,40.734305,-73.963192,40.757395,1,0,21,2.952480060418914
2010-04-11T19:57:47Z,13.7,-73.995913,40.716439,-73.986003,40.766295,2,1,19,5.612531175205179
2010-04-21T01:46:35Z,6.5,-74.005947,40.740203,-73.983244,40.734879,1,0,1,2.0045588057358215
2010-04-25T02:40:44Z,5.7,-74.00451,40.737703,-74.00697,40.730677,1,1,2,0.8091890980802843
2010-04-24T22:07:14Z,8.9,-73.976726,40.788244,-73.991799,40.759439,1,1,22,3.4491495492366266
2010-04-23T19:27:43Z,5.3,-73.988973,40.736977,-73.98016,40.74694,1,0,19,1.3351228154472725
2010-04-21T18:47:53Z,18.5,-73.971426,40.786141,-73.983477,40.740831,1,0,18,5.145211078069071
2010-04-11T21:23:34Z,5.3,-74.01463,40.705028,-74.016086,40.717344,2,1,21,1.3765046311370879
2010-04-14T16:25:54Z,8.9,-73.980094,40.739213,-73.990753,40.759158,1,0,16,2.3953315883625717
2010-04-23T22:57:37Z,8.5,-73.994258,40.75241,-73.98664,40.77681,3,0,22,2.7911046579328675
2010-04-11T14:31:00Z,6.9,-73.991225,40.732957999999996,-73.990728,40.750365,1,1,14,1.9381917203141419
2010-04-24T16:50:48Z,14.5,-73.968617,40.754784,-74.000206,40.721301,1,1,16,4.581708696103889
2010-04-11T19:28:28Z,5.3,-73.986268,40.776427,-73.98181,40.769184,1,1,19,0.8895734886102422
2010-04-20T19:55:30Z,3.3,-73.95943,40.780131,-73.955082,40.78043,1,0,19,0.3680156850681922
2010-04-17T17:38:06Z,5.3,-73.981948,40.770384,-73.98785,40.777736,1,1,17,0.9577915362225887
2010-04-21T12:23:12Z,5.3,-73.994597,40.75053,-74.001006,40.757321,1,0,12,0.929289046058414
2010-04-18T18:16:52Z,5.7,-73.98425,40.72052,-73.9859,40.731191,1,1,18,1.196018138052971
2010-04-13T19:37:28Z,4.5,-74.007099,40.716045,-74.005728,40.711942,1,0,19,0.4711657375189765
2010-04-12T12:00:57Z,5.7,-73.973302,40.754704,-73.988069,40.750042,1,0,12,1.3490959350295768
2010-04-21T08:08:54Z,6.5,-73.972811,40.756166,-73.981297,40.735614,1,0,8,2.397166304750674
2010-04-13T20:38:09Z,8.5,-73.991463,40.750161,-74.010225,40.719542,1,0,20,3.7579799835884784
2010-04-17T09:37:00Z,6.5,-73.971275,40.78262,-73.973795,40.763233,1,1,9,2.168581911539047
2010-04-17T20:15:24Z,8.1,-73.995816,40.73874,-73.976893,40.762614,1,1,20,3.099937901765184
2010-04-12T08:02:55Z,4.9,-73.986874,40.760547,-73.988743,40.749338,1,0,8,1.2576941123786645
2010-04-14T08:53:23Z,6.5,-73.985661,40.750145,-73.971732,40.754738,1,0,8,1.2810680887062258
2010-04-20T01:11:10Z,5.3,-73.993292,40.752005,-73.980048,40.752777,1,0,1,1.1201510090702398
2010-04-13T10:43:52Z,14.1,-73.960882,40.773612,-73.98339,40.734453,1,0,10,4.754447343706
2010-04-15T23:18:58Z,20.5,-74.004573,40.742194,-73.94056,40.809936,1,0,23,9.272855159861042
2010-04-20T12:32:45Z,8.9,-73.97203,40.759868,-73.990548,40.74526,1,0,12,2.254542010087393
2010-04-24T16:36:04Z,7.7,-73.998405,40.724799,-73.998358,40.74028,3,1,16,1.7233415973935837
2010-04-15T01:16:28Z,16.1,-73.990067,40.729222,-73.949235,40.675179,1,0,1,6.933037379287814
2010-04-21T23:09:36Z,4.5,-73.995716,40.743906,-74.002445,40.732038,1,0,23,1.437896711112567
2010-04-16T11:37:13Z,6.5,-73.984843,40.734849,-73.997844,40.724129,4,0,11,1.6207714821726547
2010-04-11T19:11:58Z,7.3,-73.964916,40.759992,-73.984544,40.767691,4,1,19,1.8636762819491275
2010-04-22T12:00:10Z,12.9,-73.977543,40.753251,-73.990479,40.734438,1,0,12,2.3614010617449908
2010-04-14T19:57:39Z,5.7,-73.980464,40.75781,-73.99038,40.737028,1,0,19,2.459949841754001
2010-04-16T15:21:27Z,4.9,-73.986175,40.740601,-73.995004,40.728171,1,0,15,1.5713900176225282
2010-04-12T15:14:00Z,6.9,-73.991933,40.695347,-74.006217,40.712068,1,0,15,2.217606521545791
2010-04-19T09:21:47Z,9.7,-73.954714,40.769521,-73.973803,40.738454,1,0,9,3.8146356549603975
2010-04-19T21:40:35Z,7.3,-73.982834,40.755935,-74.006096,40.748542,1,0,21,2.1273012573068266
2010-04-16T09:23:28Z,17.3,-74.017022,40.705218,-73.978423,40.752346,1,0,9,6.174614916593443
2010-04-12T16:54:50Z,49.57,-73.776775,40.645714,-73.999206,40.726582,1,0,16,20.82251116980899
2010-04-11T11:26:07Z,6.1,-73.974173,40.731528,-73.976224,40.751196,2,1,11,2.1962549547572667
2010-04-11T13:53:28Z,4.9,-73.950341,40.782246,-73.947227,40.771917,1,1,13,1.1794028667203675
2010-04-20T11:08:13Z,5.3,-73.989621,40.747935,-74.00185,40.745972,1,0,11,1.054236056051865
2010-04-20T23:55:53Z,8.5,-73.996828,40.752793,-73.987033,40.729613,1,0,23,2.709408801647962
2010-04-15T04:29:25Z,6.9,-73.986049,40.74172,-74.00238,40.732104,1,0,4,1.744518801179123
2010-04-23T14:37:30Z,8.9,-73.984128,40.764889,-73.964088,40.777099,1,0,14,2.168358526019839
2010-04-12T00:34:26Z,7.3,-73.971558,40.795272,-73.982947,40.779255,4,0,0,2.0249796750315974
2010-04-19T15:17:14Z,6.5,-73.984794,40.779529,-73.969438,40.785365,1,0,15,1.44825505532265
2010-04-13T14:47:21Z,4.9,-73.994985,40.739971,-73.984123,40.750677,1,0,14,1.5031799500340404
2010-04-16T19:40:06Z,8.1,-73.989599,40.734272,-73.983152,40.717553,1,0,19,1.9389922339164771
2010-04-22T14:51:16Z,24.1,-73.990627,40.750879,-73.925361,40.767966,1,0,14,5.822665087683832
2010-04-22T22:14:18Z,20.9,-73.991064,40.755967,-73.957442,40.717646,2,0,22,5.122536149113153
2010-04-24T23:08:02Z,4.9,-73.986422,40.730296,-73.978442,40.724756,2,1,23,0.9129744614421385
2010-04-13T14:23:51Z,6.1,-73.981869,40.746928,-73.981034,40.733923,1,0,14,1.449422009920865
2010-04-19T13:00:34Z,9.7,-73.980805,40.782775,-73.952473,40.78943,1,0,13,2.50026481425967
2010-04-23T15:21:17Z,8.1,-73.97597,40.781422,-73.957675,40.776447,1,0,15,1.6386039103624737
2010-04-22T08:48:16Z,4.5,-73.901829,40.764045,-73.902131,40.764087,1,0,8,0.025888486122677194
2010-04-17T04:41:14Z,11.3,-73.950955,40.825768,-73.943193,40.789636,1,1,4,4.075020801762126
2010-04-17T21:55:39Z,9.3,-73.97693,40.732506,-73.956127,40.767723,1,1,21,4.294973666590837
2010-04-14T13:25:45Z,16.9,-73.963301,40.771948,-73.998677,40.744602,1,0,13,4.262016806597507
2010-04-15T19:03:03Z,4.9,-73.994492,40.73966,-74.003666,40.738292,1,0,19,0.7886305571571077
